{"stat.pickup.minecraft.wooden_slab":75,"stat.mineBlock.iceandfire.chared_grass":1,"stat.leaveGame":27,"stat.mineBlock.ic2.sapling":1,"stat.pickup.extrautils2.redorchid":2,"stat.killEntity.grimoireofgaia.centaur":5,"stat.killEntity.PigZombie":2,"stat.mineBlock.minecraft.web":1,"stat.pickup.minecraft.rotten_flesh":233,"stat.pickup.iceandfire.witherbone":67,"stat.craftItem.bhc.red_heart_canister":5,"stat.mineBlock.minecraft.wooden_slab":8,"stat.pickup.minecraft.leather_boots":2,"stat.pickup.netherex.wither_bone":64,"stat.drop.minecraft.ender_eye":3,"stat.craftItem.minecraft.glass_pane":16,"stat.mineBlock.chisel.marble2":1,"stat.mineBlock.minecraft.hopper":2,"stat.furnaceInteraction":23,"stat.useItem.minecraft.golden_carrot":51,"stat.killEntity.ZombieVillager":1,"stat.pickup.minecraft.nether_brick":34,"stat.killEntity.grimoireofgaia.satyress":10,"stat.pickup.iceandfire.manuscript":2,"stat.craftItem.extrautils2.decorativesolidwood":2,"stat.useItem.mutantbeasts.endersoul_hand":7,"stat.pickup.minecraft.leather_helmet":1,"stat.entityKilledBy.BabySkeleton":2,"stat.useItem.minecraft.flint_and_steel":1,"stat.pickup.thaumcraft.crystal_essence":29,"stat.killEntity.Husk":5,"stat.pickup.grimoireofgaia.box_gold":1,"stat.mineBlock.ic2.leaves":19,"stat.deaths":52,"stat.pickup.minecraft.egg":1,"stat.drop.iceandfire.dragonbone_sword_fire":1,"stat.useItem.minecraft.nether_brick":18,"stat.pickup.artifacts.panic_necklace":1,"stat.pickup.chisel.marble2":1,"stat.mineBlock.minecraft.tallgrass":340,"stat.pickup.bountifulbaubles.potionwormhole":1,"stat.chestOpened":318,"stat.pickup.iceandfire.blindfold":2,"stat.pickup.minecraft.arrow":78,"stat.pickup.projecte.item.pe_rm_shovel":2,"stat.killEntity.grimoireofgaia.cecaelia":1,"stat.pickup.minecraft.gold_nugget":189,"stat.pickup.chisel.basalt2":1,"stat.pickup.minecraft.carrot":1,"stat.crouchOneCm":15414,"stat.mineBlock.minecraft.chest":4,"stat.craftItem.minecraft.diamond":27,"stat.craftItem.minecraft.iron_ingot":1,"stat.craftItem.minecraft.hopper":1,"stat.craftingTableInteraction":47,"stat.pickup.minecraft.nether_brick_fence":1,"stat.pickup.minecraft.dye":47,"stat.pickup.minecraft.planks":352,"stat.pickup.chisel.limestone2":3,"stat.useItem.iceandfire.dragonbone_sword_fire":1225,"stat.craftItem.minecraft.diamond_shovel":1,"stat.pickup.minecraft.wheat_seeds":62,"stat.mineBlock.minecraft.dirt":1161,"stat.pickup.projecte.item.pe_gem_armor_3":1,"stat.mineBlock.minecraft.double_plant":16,"stat.mineBlock.thaumcraft.crystal_aer":9,"stat.drop.bhc.heart_amulet":1,"stat.drop.minecraft.glass_pane":1,"stat.pickup.minecraft.iron_pickaxe":2,"stat.pickup.minecraft.hopper":2,"stat.pickup.minecraft.apple":1,"stat.pickup.mutantbeasts.endersoul_hand":1,"stat.useItem.minecraft.glass_pane":35,"stat.craftItem.minecraft.planks":172,"stat.craftItem.bhc.canister":17,"stat.itemEnchanted":3,"stat.pickup.iceandfire.dragonscales_green":46,"stat.pickup.minecraft.book":15,"stat.mineBlock.minecraft.log":98,"stat.pickup.megaloot.tool_axe":2,"stat.pickup.iceandfire.dragonbone":35,"stat.useItem.minecraft.spruce_door":8,"stat.killEntity.BabySkeleton":2,"stat.pickup.minecraft.red_flower":3,"stat.pickup.thaumcraft.crimson_plate_chest":1,"stat.craftItem.minecraft.spruce_door":6,"stat.cakeSlicesEaten":5,"stat.mineBlock.botania.opencrate":1,"stat.killEntity.grimoireofgaia.banshee":3,"stat.craftItem.extrautils2.itembuilderswand":1,"stat.craftItem.minecraft.diamond_leggings":1,"stat.mineBlock.minecraft.cobblestone":5,"stat.entityKilledBy.betteranimalsplus.shark":1,"stat.killEntity.gorgon":2,"stat.pickup.minecraft.flint":2,"stat.mineBlock.iceandfire.chared_stone":4,"stat.craftItem.iceandfire.dragonbone_sword_fire":1,"stat.craftItem.minecraft.wool":3,"stat.pickup.minecraft.flower_pot":1,"stat.craftItem.bhc.relic_apple":10,"stat.pickup.minecraft.enchanted_book":2,"stat.mineBlock.thaumcraft.ore_amber":14,"stat.useItem.minecraft.obsidian":13,"stat.useItem.minecraft.stone_slab2":125,"stat.pickup.minecraft.bow":7,"stat.pickup.minecraft.iron_boots":3,"stat.craftItem.minecraft.furnace":1,"stat.pickup.grimoireofgaia.deco_nest_harpy":1,"stat.mineBlock.minecraft.obsidian":7,"stat.mineBlock.projecte.transmutation_table":27,"stat.pickup.mutantbeasts.mutant_skeleton_rib":1,"stat.pickup.minecraft.diamond_leggings":1,"stat.flyOneCm":2868623,"stat.pickup.minecraft.nether_brick_stairs":1,"stat.pickup.minecraft.fish":2,"stat.timeSinceDeath":368525,"stat.useItem.minecraft.wooden_slab":84,"stat.killEntity.grimoireofgaia.chest":1,"stat.killEntity.Bat":1,"stat.pickup.minecraft.chainmail_helmet":5,"stat.pickup.minecraft.nether_wart":1,"stat.pickup.minecraft.spruce_fence":1,"stat.craftItem.futureminecraf.smoothstone":1,"stat.craftItem.projecte.item.pe_philosophers_stone":5,"stat.mineBlock.minecraft.coal_ore":22,"stat.killEntity.Creeper":6,"stat.talkedToVillager":5,"stat.pickup.extrautils2.ingredients":1,"stat.pickup.extrautils2.angelring":3,"stat.pickup.minecraft.wooden_sword":1,"stat.pickup.minecraft.string":48,"stat.entityKilledBy.Skeleton":4,"stat.pickup.minecraft.birch_stairs":30,"stat.sprintOneCm":1204119,"stat.useItem.minecraft.diamond_shovel":607,"stat.mineBlock.minecraft.stone_slab":1,"stat.pickup.ic2.resource":1,"stat.pickup.extrautils2.passivegenerator":100,"stat.mineBlock.minecraft.diamond_ore":7,"stat.killEntity.CultistKnight":2,"stat.pickup.minecraft.leather_leggings":1,"stat.killEntity.Zombie":106,"stat.craftItem.minecraft.dye":11,"stat.useItem.minecraft.birch_stairs":275,"stat.craftItem.minecraft.diamond_axe":1,"stat.diveOneCm":75282,"stat.pickup.tconstruct.tooltables":3,"stat.mineBlock.minecraft.mossy_cobblestone":3,"stat.pickup.minecraft.obsidian":6,"stat.useItem.minecraft.rotten_flesh":8,"stat.craftItem.minecraft.diamond_sword":1,"stat.pickup.extrautils2.itembuilderswand":1,"stat.jump":6720,"stat.pickup.minecraft.coal":118,"stat.pickup.minecraft.iron_ingot":9,"stat.pickup.iceandfire.chared_gravel":1,"stat.pickup.minecraft.gunpowder":2,"stat.pickup.iceandfire.chared_stone":4,"stat.craftItem.minecraft.torch":284,"stat.pickup.minecraft.dirt":1764,"stat.pickup.iceandfire.fire_dragon_heart":2,"stat.mineBlock.minecraft.glass_pane":1,"stat.pickup.futureminecraf.lilyofthevalley":2,"stat.damageTaken":25428,"stat.mineBlock.minecraft.torch":23,"stat.mineBlock.minecraft.melon_block":1,"stat.pickup.minecraft.written_book":1,"stat.pickup.minecraft.ender_eye":16,"stat.pickup.ic2.rubber_wood":16,"stat.pickup.minecraft.bed":6,"stat.pickup.minecraft.quartz_block":4,"stat.entityKilledBy.Zombie":2,"stat.pickup.minecraft.diamond_axe":4,"stat.pickup.iceandfire.chared_grass":1,"stat.useItem.minecraft.chest":14,"stat.useItem.minecraft.lava_bucket":15,"stat.killEntity.grimoireofgaia.wither_cow":1,"stat.pickup.grimoireofgaia.food_honey":1,"stat.pickup.bountifulbaubles.potionrecall":1,"stat.useItem.minecraft.melon":6,"stat.pickup.betteranimalsplus.pheasant_egg":1,"stat.useItem.megaloot.tool_axe":319,"stat.pickup.projecte.transmutation_table":28,"stat.pickup.minecraft.ender_pearl":7,"stat.pickup.mutantbeasts.hulk_hammer":1,"stat.craftItem.travelersbackpack.sleeping_bag_bottom":1,"stat.pickup.grimoireofgaia.bag_book":2,"stat.mineBlock.minecraft.tnt":9,"stat.mineBlock.minecraft.stonebrick":7,"stat.pickup.travelersbackpack.backpack_tank":2,"stat.killEntity.grimoireofgaia.harpy":14,"stat.mineBlock.minecraft.glowstone":19,"stat.mobKills":357,"stat.pickup.minecraft.diamond_boots":3,"stat.mineBlock.minecraft.bookshelf":5,"stat.pickup.iceandfire.gorgon_head":2,"stat.pickup.minecraft.diamond":6,"stat.pickup.minecraft.torch":23,"stat.pickup.thaumcraft.brain":22,"stat.killEntity.grimoireofgaia.bee":1,"stat.craftItem.minecraft.spruce_stairs":12,"stat.killEntity.firedragon":2,"stat.mineBlock.futureminecraf.lilyofthevalley":3,"stat.pickup.grimoireofgaia.misc_soul_fire":5,"stat.useItem.minecraft.soul_sand":1,"stat.mineBlock.ic2.rubber_wood":12,"stat.killEntity.Blaze":7,"stat.useItem.minecraft.planks":1662,"stat.pickup.minecraft.glowstone_dust":52,"stat.craftItem.iceandfire.armor_green_chestplate":1,"stat.pickup.minecraft.glass":1,"stat.pickup.megaloot.weaponsword":3,"stat.useItem.minecraft.water_bucket":50,"stat.mineBlock.minecraft.stone_brick_stairs":1,"stat.mineBlock.minecraft.nether_brick_fence":3,"stat.pickup.minecraft.sand":13,"stat.pickup.grimoireofgaia.food_wither":1,"stat.drop.megaloot.tool_axe":2,"stat.useItem.minecraft.ender_pearl":5,"stat.entityKilledBy.firedragon":14,"stat.mineBlock.minecraft.sand":10,"stat.pickup.projecte.item.pe_dm_armor_0":1,"stat.pickup.projecte.item.pe_dm_armor_3":1,"stat.pickup.projecte.item.pe_dm_armor_1":1,"stat.pickup.projecte.item.pe_dm_armor_2":1,"stat.pickup.armorplus.material":3,"stat.mineBlock.chisel.planks-spruce":196,"stat.pickup.grimoireofgaia.box_iron":1,"stat.trappedChestTriggered":12,"stat.pickup.bhc.red_heart":23,"stat.craftItem.minecraft.golden_carrot":1,"stat.pickup.iceandfire.dragon_skull":3,"stat.entityKilledBy.grimoireofgaia.harpy":2,"stat.killEntity.CultistCleric":1,"stat.mineBlock.minecraft.birch_stairs":31,"stat.pickup.minecraft.furnace":5,"stat.useItem.minecraft.cooked_mutton":32,"stat.craftItem.travelersbackpack.travelers_backpack":1,"stat.mineBlock.extrautils2.passivegenerator":82,"stat.pickup.minecraft.stone_stairs":1,"stat.useItem.ic2.sapling":9,"stat.pickup.thaumcraft.nugget":2,"stat.pickup.minecraft.golden_carrot":1,"stat.useItem.minecraft.hopper":1,"stat.mineBlock.minecraft.soul_sand":3,"stat.playOneMinute":845429,"stat.pickup.minecraft.blaze_rod":4,"stat.craftItem.minecraft.diamond_block":1,"stat.pickup.minecraft.iron_bars":13,"stat.pickup.botania.opencrate":1,"stat.pickup.minecraft.spruce_door":6,"stat.craftItem.iceandfire.dragonbone_sword":1,"stat.killEntity.betteranimalsplus.shark":2,"stat.pickup.projecte.item.pe_fuel":62,"stat.useItem.minecraft.experience_bottle":259,"stat.fallOneCm":171977,"stat.entityKilledBy.grimoireofgaia.werecat":1,"stat.craftItem.minecraft.chest":8,"stat.pickup.minecraft.golden_leggings":2,"stat.pickup.minecraft.melon":13,"stat.mineBlock.ic2.resource":1,"stat.pickup.icbmclassic.sulfurdust":47,"stat.pickup.minecraft.feather":12,"stat.pickup.minecraft.iron_leggings":4,"stat.mineBlock.minecraft.spruce_fence":1,"stat.craftItem.chisel.bookshelf_spruce":2,"stat.craftItem.projecte.matter_block":2,"stat.mineBlock.minecraft.gravel":31,"stat.craftItem.minecraft.birch_stairs":4,"stat.useItem.chisel.planks-spruce":194,"stat.killEntity.grimoireofgaia.bone_knight":1,"stat.pickup.minecraft.chainmail_boots":2,"stat.useItem.minecraft.torch":60,"stat.pickup.minecraft.golden_apple":2,"stat.pickup.minecraft.iron_nugget":90,"stat.craftItem.bhc.heart_amulet":2,"stat.useItem.minecraft.log":164,"stat.pickup.minecraft.crafting_table":1,"stat.craftItem.minecraft.crafting_table":1,"stat.pickup.minecraft.log":98,"stat.mineBlock.galacticraftcore.basic_block_core":17,"stat.craftItem.projecte.item.pe_fuel":18,"stat.drop.minecraft.planks":1,"stat.pickup.chisel.planks-spruce":193,"stat.pickup.minecraft.chainmail_leggings":3,"stat.pickup.minecraft.sapling":24,"stat.mineBlock.iceandfire.goldpile":24,"stat.useItem.mutantbeasts.hulk_hammer":4,"stat.killEntity.WitherSkeleton":6,"stat.pickup.artifacts.flame_pendant":1,"stat.sneakTime":8742,"stat.pickup.thaumcraft.amber":42,"stat.pickup.ic2.sapling":2,"stat.pickup.minecraft.stone_slab":3,"stat.entityKilledBy.grimoireofgaia.centaur":2,"stat.killEntity.grimoireofgaia.minotaurus":21,"stat.pickup.minecraft.chest":3,"stat.craftItem.minecraft.diamond_chestplate":1,"stat.pickup.minecraft.bone":82,"stat.pickup.minecraft.redstone_torch":2,"stat.useItem.minecraft.diamond_sword":740,"stat.drop.draconicevolution.draconic_staff_of_power":2,"stat.craftItem.minecraft.diamond_helmet":1,"stat.swimOneCm":101402,"stat.climbOneCm":4753,"stat.mineBlock.minecraft.spruce_stairs":21,"stat.enderchestOpened":1,"stat.useItem.minecraft.dirt":874,"stat.killEntity.artifacts.mimic":2,"stat.pickup.minecraft.anvil":1,"stat.pickup.minecraft.cobblestone":56,"stat.craftItem.minecraft.glass_bottle":9,"stat.pickup.minecraft.glass_bottle":6,"stat.pickup.minecraft.soul_sand":3,"stat.craftItem.minecraft.wooden_slab":6,"stat.pickup.minecraft.redstone":98,"stat.mineBlock.minecraft.iron_ore":26,"stat.pickup.iceandfire.armor_bronze_boots":2,"stat.drop.extrautils2.angelring":2,"stat.pickup.minecraft.mossy_cobblestone":2,"stat.drop.iceandfire.dragonscales_green":4,"stat.mineBlock.armorplus.wither_boss_trophy":1,"stat.pickup.armorplus.wither_boss_trophy":1,"stat.pickup.minecraft.wooden_axe":1,"stat.pickup.chisel.chisel_diamond":1,"stat.pickup.minecraft.stonebrick":73,"stat.pickup.galacticraftcore.basic_block_core":16,"stat.mineBlock.minecraft.nether_brick":43,"stat.killEntity.CultistPortalLesser":1,"stat.craftItem.minecraft.stone_slab2":0,"stat.useItem.minecraft.spruce_fence":27,"stat.killEntity.mutantbeasts.mutant_zombie":2,"stat.craftItem.minecraft.stick":168,"stat.useItem.extrautils2.passivegenerator":96,"stat.mineBlock.mekanism.oreblock":6,"stat.craftItem.minecraft.gold_nugget":9,"stat.pickup.minecraft.grass":64,"stat.mineBlock.minecraft.crafting_table":1,"stat.useItem.minecraft.diamond_pickaxe":465,"stat.mineBlock.minecraft.quartz_block":5,"stat.pickup.draconicevolution.draconic_staff_of_power":2,"stat.pickup.iceandfire.dragonbone_sword_fire":1,"stat.pickup.minecraft.diamond_chestplate":3,"stat.entityKilledBy.Creeper":1,"stat.useItem.extrautils2.itembuilderswand":158,"stat.mineBlock.minecraft.planks":301,"stat.drop.megaloot.weaponsword":3,"stat.drop":26,"stat.craftItem.minecraft.diamond_pickaxe":1,"stat.craftItem.projecte.item.pe_transmutation_tablet":1,"stat.craftItem.futureminecraf.lantern":1,"stat.killEntity.BrainyZombie":4,"stat.pickup.bhc.wither_bone":64,"stat.pickup.thaumcraft.curio":3,"stat.pickup.minecraft.gravel":27,"stat.useItem.minecraft.glass_bottle":2,"stat.useItem.minecraft.diamond_axe":380,"stat.mineBlock.minecraft.anvil":1,"stat.useItem.minecraft.apple":5,"stat.useItem.minecraft.potion":2,"stat.pickup.minecraft.stone_brick_stairs":1,"stat.pickup.minecraft.iron_helmet":2,"stat.pickup.minecraft.spider_eye":24,"stat.pickup.minecraft.experience_bottle":1,"stat.pickup.minecraft.iron_ore":26,"stat.mineBlock.minecraft.iron_bars":12,"stat.craftItem.minecraft.flint_and_steel":1,"stat.mineBlock.tconstruct.tooltables":3,"stat.pickup.minecraft.leaves":9,"stat.pickup.minecraft.leather":50,"stat.mineBlock.minecraft.furnace":5,"stat.pickup.minecraft.prismarine_shard":1,"stat.pickup.minecraft.reeds":4,"stat.damageDealt":103073,"stat.craftItem.minecraft.glass":15,"stat.sleepInBed":30,"stat.pickup.projecte.item.pe_time_watch":2,"stat.mineBlock.minecraft.nether_brick_stairs":1,"stat.pickup.grimoireofgaia.food_meat":6,"stat.walkOneCm":1960348,"stat.playerKills":3,"stat.pickup.minecraft.stick":10,"stat.pickup.mekanism.oreblock":6,"stat.drop.projecte.item.pe_rm_shovel":1,"stat.mineBlock.chisel.basalt2":2,"stat.drop.minecraft.diamond_axe":4,"stat.useItem.projecte.transmutation_table":1,"stat.craftItem.minecraft.diamond_boots":1,"stat.pickup.minecraft.tnt":3,"stat.entityKilledBy.grimoireofgaia.minotaurus":5,"stat.pickup.minecraft.stone":2,"stat.useItem.minecraft.spruce_stairs":259,"stat.killEntity.grimoireofgaia.dullahan":4,"stat.useItem.minecraft.leaves":9,"stat.pickup.minecraft.gold_ingot":9,"stat.killEntity.Skeleton":40,"stat.killEntity.Spider":25,"stat.pickup.gb.globette":4,"stat.craftItem.minecraft.spruce_fence":12,"stat.drop.minecraft.diamond_boots":1,"stat.entityKilledBy.Husk":2,"stat.useItem.minecraft.golden_apple":9,"stat.mineBlock.minecraft.leaves":19,"stat.pickup.minecraft.spruce_stairs":22,"stat.mineBlock.minecraft.redstone_ore":14,"stat.pickup.projecte.nova_catalyst":1,"stat.mineBlock.minecraft.stone":60}