{"stat.pickup.minecraft.wooden_slab":75,"stat.mineBlock.iceandfire.chared_grass":1,"stat.craftItem.minecraft.diamond_hoe":1,"stat.leaveGame":32,"stat.mineBlock.ic2.sapling":1,"stat.pickup.extrautils2.redorchid":2,"stat.killEntity.grimoireofgaia.centaur":5,"stat.killEntity.PigZombie":2,"stat.mineBlock.minecraft.web":2,"stat.pickup.minecraft.rotten_flesh":297,"stat.useItem.minecraft.diamond_hoe":202,"stat.pickup.iceandfire.witherbone":67,"stat.craftItem.bhc.red_heart_canister":5,"stat.killEntity.Enderman":2,"stat.mineBlock.minecraft.wooden_slab":8,"stat.pickup.minecraft.leather_boots":2,"stat.pickup.netherex.wither_bone":64,"stat.drop.minecraft.ender_eye":3,"stat.pickup.minecraft.double_plant":3,"stat.craftItem.minecraft.glass_pane":16,"stat.mineBlock.chisel.marble2":1,"stat.mineBlock.minecraft.hopper":2,"stat.furnaceInteraction":23,"stat.useItem.minecraft.golden_carrot":67,"stat.mineBlock.botania.flower":2,"stat.killEntity.ZombieVillager":1,"stat.pickup.minecraft.nether_brick":34,"stat.killEntity.grimoireofgaia.satyress":14,"stat.pickup.iceandfire.manuscript":2,"stat.craftItem.extrautils2.decorativesolidwood":2,"stat.mineBlock.minecraft.wooden_button":3,"stat.useItem.mutantbeasts.endersoul_hand":19,"stat.pickup.minecraft.leather_helmet":1,"stat.entityKilledBy.BabySkeleton":2,"stat.useItem.minecraft.flint_and_steel":1,"stat.pickup.thaumcraft.crystal_essence":29,"stat.killEntity.Husk":5,"stat.pickup.grimoireofgaia.box_gold":1,"stat.mineBlock.ic2.leaves":27,"stat.useItem.minecraft.dye":5,"stat.pickup.minecraft.lever":3,"stat.deaths":59,"stat.pickup.minecraft.egg":1,"stat.drop.iceandfire.dragonbone_sword_fire":1,"stat.useItem.minecraft.nether_brick":18,"stat.pickup.artifacts.panic_necklace":1,"stat.useItem.chisel.planks-oak":112,"stat.pickup.minecraft.item_frame":1,"stat.pickup.chisel.marble2":1,"stat.mineBlock.minecraft.tallgrass":348,"stat.pickup.bountifulbaubles.potionwormhole":1,"stat.chestOpened":351,"stat.craftItem.minecraft.sign":3,"stat.pickup.iceandfire.blindfold":2,"stat.pickup.minecraft.arrow":104,"stat.pickup.projecte.item.pe_rm_shovel":2,"stat.killEntity.grimoireofgaia.cecaelia":1,"stat.pickup.minecraft.gold_nugget":189,"stat.pickup.chisel.basalt2":1,"stat.pickup.minecraft.carrot":31,"stat.crouchOneCm":20333,"stat.mineBlock.minecraft.chest":4,"stat.craftItem.minecraft.diamond":27,"stat.craftItem.minecraft.iron_ingot":1,"stat.craftItem.minecraft.hopper":1,"stat.craftingTableInteraction":47,"stat.pickup.minecraft.nether_brick_fence":1,"stat.pickup.minecraft.repeater":1,"stat.pickup.minecraft.dye":473,"stat.pickup.minecraft.planks":397,"stat.pickup.chisel.limestone2":4,"stat.useItem.iceandfire.dragonbone_sword_fire":1940,"stat.craftItem.minecraft.diamond_shovel":1,"stat.pickup.minecraft.wheat_seeds":66,"stat.mineBlock.minecraft.dirt":1181,"stat.pickup.projecte.item.pe_gem_armor_3":1,"stat.useItem.minecraft.cobblestone":25,"stat.mineBlock.minecraft.double_plant":17,"stat.mineBlock.thaumcraft.crystal_aer":9,"stat.drop.bhc.heart_amulet":1,"stat.drop.minecraft.glass_pane":1,"stat.pickup.minecraft.iron_pickaxe":2,"stat.pickup.minecraft.hopper":2,"stat.pickup.minecraft.apple":1,"stat.craftItem.futureminecraf.sprucetrapdoor":1,"stat.pickup.mutantbeasts.endersoul_hand":1,"stat.useItem.minecraft.glass_pane":35,"stat.craftItem.minecraft.planks":172,"stat.craftItem.bhc.canister":17,"stat.itemEnchanted":32,"stat.pickup.iceandfire.dragonscales_green":46,"stat.pickup.minecraft.book":15,"stat.mineBlock.minecraft.log":102,"stat.pickup.megaloot.tool_axe":2,"stat.pickup.iceandfire.dragonbone":35,"stat.useItem.minecraft.spruce_door":9,"stat.mineBlock.extrautils2.enderlilly":3,"stat.killEntity.BabySkeleton":5,"stat.pickup.minecraft.red_flower":6,"stat.pickup.minecraft.wool":3,"stat.pickup.thaumcraft.crimson_plate_chest":1,"stat.craftItem.minecraft.spruce_door":6,"stat.cakeSlicesEaten":5,"stat.mineBlock.botania.opencrate":1,"stat.killEntity.grimoireofgaia.banshee":3,"stat.craftItem.extrautils2.itembuilderswand":1,"stat.craftItem.minecraft.diamond_leggings":1,"stat.mineBlock.minecraft.cobblestone":6,"stat.entityKilledBy.betteranimalsplus.shark":1,"stat.killEntity.gorgon":2,"stat.pickup.minecraft.flint":2,"stat.mineBlock.iceandfire.chared_stone":4,"stat.mineBlock.minecraft.yellow_flower":1,"stat.craftItem.iceandfire.dragonbone_sword_fire":1,"stat.craftItem.minecraft.wool":22,"stat.pickup.minecraft.flower_pot":1,"stat.craftItem.bhc.relic_apple":10,"stat.pickup.minecraft.enchanted_book":3,"stat.mineBlock.thaumcraft.ore_amber":16,"stat.useItem.minecraft.obsidian":13,"stat.useItem.minecraft.stone_slab2":209,"stat.pickup.minecraft.bow":9,"stat.pickup.minecraft.iron_boots":3,"stat.pickup.futureminecraf.cornflower":1,"stat.craftItem.minecraft.furnace":1,"stat.pickup.grimoireofgaia.deco_nest_harpy":1,"stat.mineBlock.minecraft.obsidian":9,"stat.mineBlock.projecte.transmutation_table":27,"stat.pickup.mutantbeasts.mutant_skeleton_rib":1,"stat.pickup.minecraft.diamond_leggings":1,"stat.flyOneCm":5152004,"stat.pickup.minecraft.nether_brick_stairs":1,"stat.pickup.minecraft.fish":2,"stat.timeSinceDeath":122316,"stat.useItem.minecraft.wooden_slab":84,"stat.killEntity.grimoireofgaia.chest":1,"stat.craftItem.minecraft.iron_block":4,"stat.killEntity.Bat":1,"stat.pickup.minecraft.chainmail_helmet":5,"stat.mineBlock.futureminecraf.cornflower":1,"stat.pickup.minecraft.nether_wart":1,"stat.pickup.minecraft.spruce_fence":7,"stat.craftItem.futureminecraf.smoothstone":1,"stat.craftItem.projecte.item.pe_philosophers_stone":5,"stat.mineBlock.minecraft.coal_ore":40,"stat.drop.minecraft.wool":2,"stat.killEntity.Creeper":6,"stat.talkedToVillager":5,"stat.pickup.extrautils2.ingredients":1,"stat.pickup.extrautils2.angelring":3,"stat.pickup.minecraft.wooden_sword":1,"stat.pickup.minecraft.string":63,"stat.entityKilledBy.Skeleton":4,"stat.pickup.minecraft.birch_stairs":30,"stat.sprintOneCm":1448370,"stat.useItem.minecraft.diamond_shovel":607,"stat.mineBlock.minecraft.stone_slab":1,"stat.pickup.ic2.resource":1,"stat.pickup.extrautils2.passivegenerator":100,"stat.mineBlock.minecraft.diamond_ore":7,"stat.killEntity.CultistKnight":2,"stat.pickup.minecraft.leather_leggings":1,"stat.killEntity.Zombie":130,"stat.craftItem.minecraft.dye":19,"stat.useItem.minecraft.birch_stairs":275,"stat.craftItem.minecraft.diamond_axe":1,"stat.diveOneCm":86324,"stat.pickup.tconstruct.tooltables":3,"stat.mineBlock.minecraft.mossy_cobblestone":3,"stat.pickup.minecraft.sign":11,"stat.mineBlock.minecraft.stone_button":1,"stat.pickup.minecraft.obsidian":6,"stat.useItem.minecraft.rotten_flesh":8,"stat.craftItem.minecraft.diamond_sword":1,"stat.pickup.extrautils2.itembuilderswand":1,"stat.pickup.futureminecraf.sprucetrapdoor":5,"stat.jump":8074,"stat.pickup.minecraft.coal":118,"stat.pickup.minecraft.iron_ingot":10,"stat.craftItem.minecraft.lever":1,"stat.pickup.iceandfire.chared_gravel":1,"stat.pickup.minecraft.gunpowder":2,"stat.pickup.iceandfire.chared_stone":4,"stat.craftItem.minecraft.torch":284,"stat.pickup.minecraft.dirt":2219,"stat.pickup.iceandfire.fire_dragon_heart":2,"stat.useItem.minecraft.dispenser":2,"stat.mineBlock.minecraft.glass_pane":1,"stat.pickup.futureminecraf.lilyofthevalley":2,"stat.damageTaken":48093,"stat.mineBlock.minecraft.torch":27,"stat.mineBlock.minecraft.melon_block":1,"stat.pickup.minecraft.written_book":1,"stat.mineBlock.minecraft.red_flower":1,"stat.pickup.minecraft.ender_eye":45,"stat.pickup.ic2.rubber_wood":25,"stat.pickup.minecraft.bed":6,"stat.pickup.minecraft.quartz_block":4,"stat.entityKilledBy.Zombie":2,"stat.pickup.minecraft.diamond_axe":4,"stat.pickup.iceandfire.chared_grass":1,"stat.useItem.minecraft.chest":14,"stat.useItem.minecraft.lava_bucket":20,"stat.killEntity.grimoireofgaia.wither_cow":1,"stat.pickup.grimoireofgaia.food_honey":1,"stat.pickup.bountifulbaubles.potionrecall":1,"stat.useItem.minecraft.melon":6,"stat.pickup.betteranimalsplus.pheasant_egg":1,"stat.useItem.megaloot.tool_axe":480,"stat.useItem.minecraft.item_frame":1,"stat.pickup.projecte.transmutation_table":28,"stat.pickup.minecraft.ender_pearl":28,"stat.pickup.mutantbeasts.hulk_hammer":2,"stat.craftItem.travelersbackpack.sleeping_bag_bottom":1,"stat.pickup.grimoireofgaia.bag_book":2,"stat.mineBlock.minecraft.tnt":9,"stat.mineBlock.minecraft.stonebrick":7,"stat.pickup.travelersbackpack.backpack_tank":2,"stat.killEntity.grimoireofgaia.harpy":20,"stat.mineBlock.minecraft.glowstone":19,"stat.mobKills":437,"stat.pickup.minecraft.diamond_boots":3,"stat.mineBlock.minecraft.bookshelf":5,"stat.pickup.iceandfire.gorgon_head":2,"stat.pickup.minecraft.diamond":6,"stat.pickup.minecraft.torch":27,"stat.pickup.thaumcraft.brain":27,"stat.killEntity.grimoireofgaia.bee":1,"stat.craftItem.minecraft.spruce_stairs":12,"stat.killEntity.firedragon":2,"stat.mineBlock.futureminecraf.lilyofthevalley":3,"stat.mineBlock.thaumcraft.ore_quartz":2,"stat.useItem.minecraft.bookshelf":20,"stat.pickup.grimoireofgaia.misc_soul_fire":5,"stat.useItem.minecraft.soul_sand":1,"stat.mineBlock.ic2.rubber_wood":21,"stat.killEntity.Blaze":7,"stat.useItem.minecraft.planks":2221,"stat.pickup.minecraft.glowstone_dust":52,"stat.craftItem.iceandfire.armor_green_chestplate":1,"stat.pickup.minecraft.glass":1,"stat.pickup.megaloot.weaponsword":3,"stat.useItem.minecraft.water_bucket":52,"stat.mineBlock.minecraft.stone_brick_stairs":1,"stat.mineBlock.minecraft.nether_brick_fence":3,"stat.pickup.minecraft.sand":13,"stat.pickup.grimoireofgaia.food_wither":1,"stat.drop.megaloot.tool_axe":2,"stat.useItem.minecraft.ender_pearl":22,"stat.entityKilledBy.firedragon":14,"stat.mineBlock.minecraft.sand":10,"stat.pickup.projecte.item.pe_dm_armor_0":1,"stat.pickup.projecte.item.pe_dm_armor_3":1,"stat.pickup.projecte.item.pe_dm_armor_1":1,"stat.pickup.projecte.item.pe_dm_armor_2":2,"stat.pickup.armorplus.material":3,"stat.mineBlock.chisel.planks-spruce":196,"stat.pickup.grimoireofgaia.box_iron":1,"stat.pickup.minecraft.armor_stand":1,"stat.trappedChestTriggered":12,"stat.pickup.bhc.red_heart":27,"stat.craftItem.minecraft.golden_carrot":1,"stat.pickup.iceandfire.dragon_skull":3,"stat.pickup.minecraft.wooden_button":5,"stat.entityKilledBy.grimoireofgaia.harpy":2,"stat.killEntity.CultistCleric":1,"stat.mineBlock.minecraft.birch_stairs":31,"stat.pickup.minecraft.furnace":5,"stat.useItem.minecraft.cooked_mutton":32,"stat.useItem.minecraft.redstone":8,"stat.craftItem.travelersbackpack.travelers_backpack":1,"stat.mineBlock.extrautils2.passivegenerator":82,"stat.pickup.minecraft.stone_stairs":1,"stat.useItem.ic2.sapling":9,"stat.pickup.thaumcraft.nugget":2,"stat.pickup.minecraft.golden_carrot":1,"stat.useItem.minecraft.hopper":1,"stat.mineBlock.minecraft.soul_sand":3,"stat.playOneMinute":1138490,"stat.pickup.minecraft.blaze_rod":4,"stat.craftItem.minecraft.diamond_block":1,"stat.pickup.minecraft.iron_bars":13,"stat.pickup.botania.opencrate":1,"stat.pickup.minecraft.spruce_door":6,"stat.mineBlock.minecraft.dispenser":4,"stat.craftItem.iceandfire.dragonbone_sword":1,"stat.killEntity.betteranimalsplus.shark":2,"stat.pickup.projecte.item.pe_fuel":62,"stat.useItem.minecraft.experience_bottle":410,"stat.fallOneCm":340167,"stat.entityKilledBy.grimoireofgaia.werecat":1,"stat.craftItem.minecraft.chest":8,"stat.mineBlock.minecraft.lever":4,"stat.pickup.minecraft.golden_leggings":2,"stat.pickup.minecraft.melon":13,"stat.mineBlock.ic2.resource":1,"stat.pickup.icbmclassic.sulfurdust":47,"stat.pickup.minecraft.feather":18,"stat.craftItem.minecraft.wooden_button":1,"stat.pickup.minecraft.iron_leggings":4,"stat.mineBlock.minecraft.spruce_fence":8,"stat.craftItem.chisel.bookshelf_spruce":2,"stat.craftItem.projecte.matter_block":2,"stat.mineBlock.minecraft.gravel":31,"stat.craftItem.minecraft.birch_stairs":4,"stat.useItem.chisel.planks-spruce":194,"stat.killEntity.grimoireofgaia.bone_knight":1,"stat.useItem.minecraft.wool":8,"stat.pickup.minecraft.chainmail_boots":2,"stat.useItem.minecraft.torch":94,"stat.pickup.minecraft.golden_apple":2,"stat.pickup.minecraft.iron_nugget":112,"stat.craftItem.bhc.heart_amulet":2,"stat.useItem.minecraft.log":168,"stat.pickup.minecraft.crafting_table":1,"stat.craftItem.minecraft.crafting_table":1,"stat.pickup.minecraft.log":102,"stat.drop.minecraft.sign":1,"stat.mineBlock.galacticraftcore.basic_block_core":29,"stat.craftItem.projecte.item.pe_fuel":18,"stat.drop.minecraft.planks":1,"stat.pickup.chisel.planks-spruce":193,"stat.pickup.minecraft.chainmail_leggings":3,"stat.pickup.minecraft.sapling":25,"stat.mineBlock.iceandfire.goldpile":24,"stat.useItem.mutantbeasts.hulk_hammer":4,"stat.killEntity.WitherSkeleton":6,"stat.pickup.artifacts.flame_pendant":1,"stat.killEntity.mutantbeasts.mutant_enderman":12,"stat.sneakTime":12086,"stat.pickup.thaumcraft.amber":42,"stat.pickup.ic2.sapling":2,"stat.pickup.minecraft.stone_slab":3,"stat.pickup.minecraft.yellow_flower":1,"stat.entityKilledBy.grimoireofgaia.centaur":2,"stat.killEntity.grimoireofgaia.minotaurus":21,"stat.pickup.minecraft.chest":3,"stat.craftItem.minecraft.diamond_chestplate":1,"stat.mineBlock.futureminecraf.sprucetrapdoor":5,"stat.pickup.minecraft.bone":105,"stat.pickup.minecraft.redstone_torch":3,"stat.useItem.minecraft.repeater":2,"stat.pickup.chisel.planks-oak":64,"stat.craftItem.botania.petal":2,"stat.useItem.minecraft.diamond_sword":740,"stat.drop.draconicevolution.draconic_staff_of_power":2,"stat.craftItem.minecraft.diamond_helmet":1,"stat.swimOneCm":103882,"stat.climbOneCm":4753,"stat.mineBlock.minecraft.spruce_stairs":23,"stat.enderchestOpened":1,"stat.useItem.minecraft.dirt":884,"stat.useItem.futureminecraf.lantern":1,"stat.entityKilledBy.mutantbeasts.mutant_enderman":2,"stat.killEntity.artifacts.mimic":2,"stat.pickup.minecraft.anvil":2,"stat.craftItem.minecraft.trapdoor":2,"stat.pickup.minecraft.cobblestone":79,"stat.mineBlock.minecraft.carpet":10,"stat.mineBlock.chisel.limestone2":1,"stat.craftItem.minecraft.glass_bottle":9,"stat.pickup.minecraft.glass_bottle":6,"stat.pickup.minecraft.soul_sand":3,"stat.craftItem.minecraft.wooden_slab":6,"stat.pickup.minecraft.dragon_egg":2,"stat.pickup.minecraft.redstone":119,"stat.mineBlock.minecraft.iron_ore":26,"stat.pickup.iceandfire.armor_bronze_boots":2,"stat.drop.extrautils2.angelring":2,"stat.useItem.minecraft.sign":36,"stat.pickup.minecraft.mossy_cobblestone":2,"stat.drop.iceandfire.dragonscales_green":4,"stat.mineBlock.armorplus.wither_boss_trophy":1,"stat.pickup.armorplus.wither_boss_trophy":1,"stat.pickup.minecraft.wooden_axe":1,"stat.pickup.chisel.chisel_diamond":1,"stat.pickup.minecraft.stonebrick":73,"stat.pickup.galacticraftcore.basic_block_core":24,"stat.pickup.minecraft.carpet":22,"stat.mineBlock.minecraft.nether_brick":43,"stat.killEntity.CultistPortalLesser":1,"stat.craftItem.minecraft.stone_slab2":0,"stat.useItem.minecraft.spruce_fence":160,"stat.killEntity.mutantbeasts.mutant_zombie":3,"stat.craftItem.minecraft.stick":176,"stat.useItem.extrautils2.passivegenerator":96,"stat.mineBlock.mekanism.oreblock":6,"stat.craftItem.minecraft.gold_nugget":9,"stat.pickup.minecraft.grass":64,"stat.mineBlock.minecraft.crafting_table":1,"stat.useItem.minecraft.diamond_pickaxe":545,"stat.mineBlock.minecraft.quartz_block":5,"stat.pickup.draconicevolution.draconic_staff_of_power":2,"stat.useItem.minecraft.carrot":198,"stat.pickup.iceandfire.dragonbone_sword_fire":1,"stat.pickup.minecraft.diamond_chestplate":3,"stat.entityKilledBy.Creeper":1,"stat.useItem.extrautils2.itembuilderswand":158,"stat.pickup.botania.flower":2,"stat.mineBlock.minecraft.planks":337,"stat.drop.megaloot.weaponsword":3,"stat.drop":29,"stat.craftItem.minecraft.diamond_pickaxe":2,"stat.craftItem.projecte.item.pe_transmutation_tablet":1,"stat.craftItem.futureminecraf.lantern":1,"stat.killEntity.BrainyZombie":4,"stat.pickup.bhc.wither_bone":64,"stat.pickup.thaumcraft.curio":3,"stat.pickup.minecraft.gravel":27,"stat.useItem.minecraft.glass_bottle":2,"stat.useItem.minecraft.diamond_axe":380,"stat.mineBlock.minecraft.anvil":1,"stat.useItem.minecraft.apple":5,"stat.useItem.minecraft.carpet":88,"stat.useItem.minecraft.potion":2,"stat.pickup.minecraft.stone_brick_stairs":1,"stat.pickup.minecraft.iron_helmet":4,"stat.pickup.minecraft.spider_eye":31,"stat.pickup.minecraft.experience_bottle":490,"stat.pickup.minecraft.iron_ore":26,"stat.mineBlock.minecraft.iron_bars":12,"stat.craftItem.minecraft.flint_and_steel":1,"stat.mineBlock.tconstruct.tooltables":3,"stat.pickup.minecraft.leaves":9,"stat.pickup.minecraft.leather":50,"stat.mineBlock.minecraft.furnace":5,"stat.dispenserInspected":16,"stat.pickup.minecraft.prismarine_shard":1,"stat.pickup.minecraft.reeds":4,"stat.damageDealt":147564,"stat.craftItem.minecraft.glass":15,"stat.sleepInBed":31,"stat.pickup.projecte.item.pe_time_watch":2,"stat.craftItem.minecraft.anvil":1,"stat.mineBlock.minecraft.nether_brick_stairs":1,"stat.pickup.minecraft.piston":13,"stat.pickup.grimoireofgaia.food_meat":8,"stat.entityKilledBy.mutantbeasts.endersoul_clone":1,"stat.walkOneCm":2560058,"stat.playerKills":4,"stat.pickup.minecraft.stick":11,"stat.pickup.mekanism.oreblock":6,"stat.drop.projecte.item.pe_rm_shovel":1,"stat.mineBlock.chisel.basalt2":2,"stat.drop.minecraft.diamond_axe":4,"stat.useItem.projecte.transmutation_table":1,"stat.craftItem.minecraft.diamond_boots":1,"stat.pickup.minecraft.tnt":3,"stat.entityKilledBy.grimoireofgaia.minotaurus":5,"stat.pickup.minecraft.stone":2,"stat.useItem.minecraft.spruce_stairs":320,"stat.killEntity.grimoireofgaia.dullahan":4,"stat.mineBlock.minecraft.wool":3,"stat.useItem.minecraft.leaves":35,"stat.pickup.minecraft.gold_ingot":9,"stat.killEntity.Skeleton":47,"stat.useItem.minecraft.iron_block":28,"stat.killEntity.Spider":28,"stat.craftItem.futureminecraf.bluedye":3,"stat.pickup.gb.globette":7,"stat.craftItem.minecraft.spruce_fence":12,"stat.drop.minecraft.diamond_boots":1,"stat.useItem.futureminecraf.sprucetrapdoor":35,"stat.pickup.minecraft.quartz":2,"stat.entityKilledBy.Husk":2,"stat.useItem.minecraft.golden_apple":16,"stat.mineBlock.minecraft.leaves":29,"stat.mineBlock.minecraft.piston":8,"stat.pickup.minecraft.spruce_stairs":24,"stat.mineBlock.minecraft.redstone_ore":14,"stat.mineBlock.chisel.planks-oak":66,"stat.pickup.projecte.nova_catalyst":1,"stat.mineBlock.minecraft.stone":85}