{"stat.mineBlock.iceandfire.chared_grass":1,"stat.leaveGame":21,"stat.mineBlock.ic2.sapling":1,"stat.pickup.extrautils2.redorchid":2,"stat.pickup.grimoireofgaia.misc_soul_fire":3,"stat.useItem.minecraft.soul_sand":1,"stat.mineBlock.ic2.rubber_wood":11,"stat.killEntity.Blaze":7,"stat.killEntity.grimoireofgaia.centaur":5,"stat.killEntity.PigZombie":2,"stat.useItem.minecraft.planks":2,"stat.mineBlock.minecraft.web":1,"stat.craftItem.iceandfire.armor_green_chestplate":1,"stat.useItem.minecraft.water_bucket":9,"stat.mineBlock.minecraft.stone_brick_stairs":1,"stat.pickup.minecraft.rotten_flesh":97,"stat.mineBlock.minecraft.nether_brick_fence":3,"stat.pickup.minecraft.sand":13,"stat.pickup.iceandfire.witherbone":67,"stat.craftItem.bhc.red_heart_canister":5,"stat.pickup.minecraft.leather_boots":1,"stat.pickup.netherex.wither_bone":64,"stat.entityKilledBy.firedragon":14,"stat.mineBlock.minecraft.sand":10,"stat.pickup.projecte.item.pe_dm_armor_0":1,"stat.pickup.projecte.item.pe_dm_armor_3":1,"stat.pickup.projecte.item.pe_dm_armor_1":1,"stat.pickup.projecte.item.pe_dm_armor_2":1,"stat.pickup.armorplus.material":3,"stat.mineBlock.chisel.planks-spruce":196,"stat.pickup.grimoireofgaia.box_iron":1,"stat.trappedChestTriggered":12,"stat.mineBlock.chisel.marble2":1,"stat.pickup.bhc.red_heart":13,"stat.craftItem.minecraft.golden_carrot":1,"stat.furnaceInteraction":22,"stat.useItem.minecraft.golden_carrot":19,"stat.pickup.iceandfire.dragon_skull":3,"stat.entityKilledBy.grimoireofgaia.harpy":2,"stat.pickup.minecraft.nether_brick":25,"stat.killEntity.grimoireofgaia.satyress":6,"stat.pickup.iceandfire.manuscript":2,"stat.pickup.minecraft.furnace":3,"stat.useItem.minecraft.cooked_mutton":32,"stat.craftItem.travelersbackpack.travelers_backpack":1,"stat.pickup.minecraft.leather_helmet":1,"stat.entityKilledBy.BabySkeleton":2,"stat.pickup.minecraft.stone_stairs":1,"stat.useItem.ic2.sapling":9,"stat.pickup.thaumcraft.crystal_essence":29,"stat.pickup.thaumcraft.nugget":2,"stat.killEntity.Husk":5,"stat.mineBlock.ic2.leaves":19,"stat.mineBlock.minecraft.soul_sand":3,"stat.deaths":51,"stat.pickup.minecraft.egg":1,"stat.playOneMinute":467050,"stat.pickup.minecraft.blaze_rod":4,"stat.useItem.minecraft.nether_brick":15,"stat.pickup.artifacts.panic_necklace":1,"stat.pickup.minecraft.iron_bars":13,"stat.pickup.chisel.marble2":1,"stat.mineBlock.minecraft.tallgrass":298,"stat.chestOpened":222,"stat.pickup.minecraft.spruce_door":3,"stat.pickup.iceandfire.blindfold":2,"stat.pickup.minecraft.arrow":39,"stat.craftItem.iceandfire.dragonbone_sword":1,"stat.killEntity.grimoireofgaia.cecaelia":1,"stat.pickup.minecraft.gold_nugget":138,"stat.killEntity.betteranimalsplus.shark":1,"stat.pickup.projecte.item.pe_fuel":62,"stat.fallOneCm":143969,"stat.pickup.chisel.basalt2":1,"stat.crouchOneCm":7831,"stat.mineBlock.minecraft.chest":1,"stat.craftItem.minecraft.diamond":27,"stat.entityKilledBy.grimoireofgaia.werecat":1,"stat.craftItem.minecraft.iron_ingot":1,"stat.pickup.minecraft.golden_leggings":1,"stat.pickup.minecraft.melon":13,"stat.craftingTableInteraction":19,"stat.pickup.minecraft.nether_brick_fence":1,"stat.mineBlock.ic2.resource":1,"stat.pickup.icbmclassic.sulfurdust":4,"stat.pickup.minecraft.feather":2,"stat.pickup.minecraft.dye":47,"stat.pickup.minecraft.planks":3,"stat.pickup.minecraft.iron_leggings":4,"stat.pickup.chisel.limestone2":3,"stat.useItem.iceandfire.dragonbone_sword_fire":587,"stat.craftItem.minecraft.diamond_shovel":1,"stat.pickup.minecraft.wheat_seeds":47,"stat.mineBlock.minecraft.gravel":9,"stat.useItem.chisel.planks-spruce":194,"stat.mineBlock.minecraft.dirt":502,"stat.pickup.minecraft.chainmail_boots":2,"stat.useItem.minecraft.torch":42,"stat.pickup.minecraft.golden_apple":2,"stat.pickup.minecraft.iron_nugget":47,"stat.craftItem.bhc.heart_amulet":2,"stat.craftItem.minecraft.crafting_table":1,"stat.mineBlock.minecraft.double_plant":13,"stat.mineBlock.thaumcraft.crystal_aer":9,"stat.drop.bhc.heart_amulet":1,"stat.pickup.minecraft.log":67,"stat.mineBlock.galacticraftcore.basic_block_core":17,"stat.pickup.minecraft.iron_pickaxe":2,"stat.pickup.chisel.planks-spruce":193,"stat.pickup.minecraft.chainmail_leggings":2,"stat.pickup.minecraft.sapling":24,"stat.pickup.minecraft.apple":1,"stat.mineBlock.iceandfire.goldpile":24,"stat.craftItem.minecraft.planks":144,"stat.craftItem.bhc.canister":17,"stat.itemEnchanted":2,"stat.pickup.iceandfire.dragonscales_green":46,"stat.killEntity.WitherSkeleton":6,"stat.pickup.minecraft.book":15,"stat.mineBlock.minecraft.log":66,"stat.pickup.iceandfire.dragonbone":35,"stat.useItem.minecraft.spruce_door":2,"stat.pickup.minecraft.red_flower":3,"stat.sneakTime":3163,"stat.pickup.thaumcraft.amber":42,"stat.pickup.ic2.sapling":2,"stat.pickup.minecraft.stone_slab":3,"stat.entityKilledBy.grimoireofgaia.centaur":2,"stat.killEntity.grimoireofgaia.minotaurus":5,"stat.pickup.minecraft.chest":2,"stat.craftItem.minecraft.spruce_door":3,"stat.cakeSlicesEaten":5,"stat.craftItem.minecraft.diamond_chestplate":1,"stat.pickup.minecraft.bone":46,"stat.killEntity.grimoireofgaia.banshee":1,"stat.pickup.minecraft.redstone_torch":2,"stat.craftItem.minecraft.diamond_leggings":1,"stat.mineBlock.minecraft.cobblestone":5,"stat.entityKilledBy.betteranimalsplus.shark":1,"stat.killEntity.gorgon":2,"stat.pickup.minecraft.flint":1,"stat.mineBlock.iceandfire.chared_stone":4,"stat.craftItem.iceandfire.dragonbone_sword_fire":1,"stat.useItem.minecraft.diamond_sword":740,"stat.craftItem.minecraft.wool":3,"stat.pickup.minecraft.flower_pot":1,"stat.drop.draconicevolution.draconic_staff_of_power":2,"stat.craftItem.minecraft.diamond_helmet":1,"stat.swimOneCm":89208,"stat.climbOneCm":4753,"stat.craftItem.bhc.relic_apple":5,"stat.pickup.minecraft.enchanted_book":2,"stat.mineBlock.thaumcraft.ore_amber":14,"stat.useItem.minecraft.dirt":445,"stat.useItem.minecraft.stone_slab2":50,"stat.pickup.minecraft.bow":5,"stat.pickup.minecraft.iron_boots":3,"stat.craftItem.minecraft.furnace":1,"stat.pickup.grimoireofgaia.deco_nest_harpy":1,"stat.killEntity.artifacts.mimic":1,"stat.mineBlock.minecraft.obsidian":7,"stat.pickup.minecraft.cobblestone":56,"stat.mineBlock.projecte.transmutation_table":14,"stat.pickup.minecraft.diamond_leggings":1,"stat.flyOneCm":1027325,"stat.craftItem.minecraft.glass_bottle":9,"stat.pickup.minecraft.glass_bottle":6,"stat.pickup.minecraft.soul_sand":3,"stat.pickup.minecraft.nether_brick_stairs":1,"stat.pickup.minecraft.fish":2,"stat.mineBlock.minecraft.iron_ore":26,"stat.timeSinceDeath":38181,"stat.pickup.iceandfire.armor_bronze_boots":2,"stat.pickup.minecraft.mossy_cobblestone":2,"stat.killEntity.grimoireofgaia.chest":1,"stat.drop.iceandfire.dragonscales_green":4,"stat.killEntity.Bat":1,"stat.mineBlock.armorplus.wither_boss_trophy":1,"stat.pickup.armorplus.wither_boss_trophy":1,"stat.pickup.minecraft.wooden_axe":1,"stat.pickup.minecraft.chainmail_helmet":4,"stat.pickup.chisel.chisel_diamond":1,"stat.pickup.minecraft.nether_wart":1,"stat.pickup.minecraft.stonebrick":73,"stat.pickup.galacticraftcore.basic_block_core":16,"stat.craftItem.futureminecraf.smoothstone":1,"stat.mineBlock.minecraft.coal_ore":22,"stat.mineBlock.minecraft.nether_brick":32,"stat.killEntity.Creeper":1,"stat.talkedToVillager":4,"stat.pickup.extrautils2.ingredients":1,"stat.pickup.minecraft.wooden_sword":1,"stat.pickup.minecraft.string":21,"stat.entityKilledBy.Skeleton":4,"stat.craftItem.minecraft.stone_slab2":0,"stat.sprintOneCm":833834,"stat.useItem.minecraft.diamond_shovel":522,"stat.mineBlock.minecraft.stone_slab":1,"stat.craftItem.minecraft.stick":156,"stat.mineBlock.mekanism.oreblock":6,"stat.pickup.ic2.resource":1,"stat.craftItem.minecraft.gold_nugget":9,"stat.mineBlock.minecraft.diamond_ore":7,"stat.useItem.minecraft.diamond_pickaxe":312,"stat.mineBlock.minecraft.quartz_block":4,"stat.pickup.draconicevolution.draconic_staff_of_power":2,"stat.pickup.minecraft.diamond_chestplate":2,"stat.pickup.minecraft.leather_leggings":1,"stat.entityKilledBy.Creeper":1,"stat.mineBlock.minecraft.planks":3,"stat.drop":8,"stat.craftItem.minecraft.diamond_pickaxe":1,"stat.killEntity.Zombie":65,"stat.craftItem.minecraft.dye":2,"stat.craftItem.minecraft.diamond_axe":1,"stat.diveOneCm":36549,"stat.pickup.tconstruct.tooltables":2,"stat.mineBlock.minecraft.mossy_cobblestone":3,"stat.killEntity.BrainyZombie":2,"stat.pickup.bhc.wither_bone":64,"stat.pickup.thaumcraft.curio":3,"stat.pickup.minecraft.gravel":6,"stat.useItem.minecraft.glass_bottle":2,"stat.useItem.minecraft.diamond_axe":295,"stat.useItem.minecraft.apple":5,"stat.pickup.minecraft.obsidian":6,"stat.useItem.minecraft.potion":2,"stat.useItem.minecraft.rotten_flesh":8,"stat.pickup.minecraft.stone_brick_stairs":1,"stat.craftItem.minecraft.diamond_sword":1,"stat.jump":4883,"stat.pickup.minecraft.coal":31,"stat.pickup.minecraft.iron_helmet":1,"stat.pickup.minecraft.iron_ingot":9,"stat.pickup.iceandfire.chared_gravel":1,"stat.pickup.minecraft.gunpowder":1,"stat.pickup.iceandfire.chared_stone":4,"stat.pickup.minecraft.spider_eye":7,"stat.craftItem.minecraft.torch":284,"stat.pickup.minecraft.dirt":490,"stat.pickup.minecraft.experience_bottle":1,"stat.pickup.minecraft.iron_ore":26,"stat.pickup.iceandfire.fire_dragon_heart":2,"stat.mineBlock.minecraft.iron_bars":12,"stat.mineBlock.tconstruct.tooltables":2,"stat.damageTaken":19608,"stat.pickup.minecraft.leather":10,"stat.mineBlock.minecraft.furnace":3,"stat.mineBlock.minecraft.torch":13,"stat.mineBlock.minecraft.melon_block":1,"stat.pickup.minecraft.written_book":1,"stat.pickup.minecraft.prismarine_shard":1,"stat.pickup.ic2.rubber_wood":15,"stat.pickup.minecraft.reeds":4,"stat.pickup.minecraft.bed":5,"stat.pickup.minecraft.quartz_block":3,"stat.entityKilledBy.Zombie":2,"stat.pickup.minecraft.diamond_axe":1,"stat.damageDealt":52928,"stat.craftItem.minecraft.glass":15,"stat.pickup.iceandfire.chared_grass":1,"stat.sleepInBed":28,"stat.pickup.projecte.item.pe_time_watch":1,"stat.mineBlock.minecraft.nether_brick_stairs":1,"stat.pickup.grimoireofgaia.food_meat":3,"stat.walkOneCm":1276908,"stat.playerKills":3,"stat.useItem.minecraft.chest":8,"stat.pickup.minecraft.stick":4,"stat.pickup.mekanism.oreblock":6,"stat.useItem.minecraft.lava_bucket":12,"stat.pickup.grimoireofgaia.food_honey":1,"stat.mineBlock.chisel.basalt2":2,"stat.drop.minecraft.diamond_axe":1,"stat.useItem.projecte.transmutation_table":1,"stat.useItem.minecraft.melon":6,"stat.pickup.betteranimalsplus.pheasant_egg":1,"stat.craftItem.minecraft.diamond_boots":1,"stat.pickup.minecraft.tnt":3,"stat.entityKilledBy.grimoireofgaia.minotaurus":5,"stat.pickup.minecraft.stone":2,"stat.killEntity.grimoireofgaia.dullahan":2,"stat.pickup.projecte.transmutation_table":15,"stat.pickup.minecraft.gold_ingot":1,"stat.killEntity.Skeleton":30,"stat.craftItem.travelersbackpack.sleeping_bag_bottom":1,"stat.mineBlock.minecraft.tnt":9,"stat.mineBlock.minecraft.stonebrick":7,"stat.pickup.travelersbackpack.backpack_tank":2,"stat.killEntity.Spider":17,"stat.killEntity.grimoireofgaia.harpy":5,"stat.pickup.gb.globette":4,"stat.mobKills":210,"stat.pickup.minecraft.diamond_boots":1,"stat.mineBlock.minecraft.bookshelf":5,"stat.entityKilledBy.Husk":2,"stat.pickup.iceandfire.gorgon_head":2,"stat.useItem.minecraft.golden_apple":9,"stat.pickup.minecraft.diamond":6,"stat.mineBlock.minecraft.leaves":9,"stat.pickup.minecraft.torch":12,"stat.pickup.minecraft.spruce_stairs":1,"stat.pickup.thaumcraft.brain":4,"stat.killEntity.grimoireofgaia.bee":1,"stat.killEntity.firedragon":2,"stat.pickup.projecte.nova_catalyst":1,"stat.mineBlock.minecraft.stone":57}