{"stat.leaveGame":6,"stat.pickup.betteranimalsplus.goose_egg":2,"stat.craftItem.netherex.wither_dust":183,"stat.drop.mekanism.tierinstaller":1,"stat.drop.tconstruct.shovel":1,"stat.killEntity.grimoireofgaia.centaur":1,"stat.craftItem.minecraft.shield":1,"stat.pickup.netherex.wither_dust":55,"stat.drop.minecraft.feather":2,"stat.pickup.extrautils2.decorativebedrock":1,"stat.pickup.connectedglass.clear_glass_red_pane":1,"stat.pickup.minecraft.rotten_flesh":44,"stat.pickup.atum.ceramic_wall_black":1,"stat.drop.megaloot.weaponbow":2,"stat.pickup.iceandfire.witherbone":2,"stat.craftItem.bhc.red_heart_canister":3,"stat.drop.projecte.nova_catalyst":1,"stat.craftItem.minecraft.iron_shovel":1,"stat.killEntity.grimoireofgaia.creep":1,"stat.pickup.bhc.yellow_heart":1,"stat.useItem.minecraft.iron_shovel":39,"stat.pickup.ic2.reactor_heat_exchanger":2,"stat.pickup.bloodmagic.inscription_tool":1,"stat.mineBlock.chisel.marble2":2,"stat.pickup.minecraft.wooden_shovel":1,"stat.furnaceInteraction":51,"stat.mineBlock.botania.flower":20,"stat.entityKilledBy.WitherSkeleton":2,"stat.killEntity.grimoireofgaia.satyress":4,"stat.entityKilledBy.BabySkeleton":1,"stat.entityKilledBy.CultistKnight":1,"stat.pickup.mca.rose_gold_ore":2,"stat.pickup.thaumcraft.crystal_essence":43,"stat.pickup.ic2.misc_resource":2,"stat.killEntity.Husk":1,"stat.mineBlock.ic2.leaves":4,"stat.pickup.minecraft.emerald":7,"stat.pickup.futureminecraf.prismarinebrickstairs":1,"stat.deaths":44,"stat.pickup.minecraft.egg":4,"stat.drop.iceandfire.dragonbone_sword_fire":3,"stat.entityKilledBy.grimoireofgaia.dullahan":1,"stat.drop.minecraft.glass_bottle":4,"stat.pickup.chisel.marble2":2,"stat.drop.iceandfire.dragonegg_silver":1,"stat.mineBlock.minecraft.tallgrass":107,"stat.entityKilledBy.grimoireofgaia.creep":1,"stat.drop.botania.pavement3slab":1,"stat.pickup.bountifulbaubles.potionwormhole":1,"stat.chestOpened":90,"stat.killEntity.betteranimalsplus.goose":2,"stat.drop.maia_draconic_edition.enderium_core":1,"stat.pickup.iceandfire.blindfold":3,"stat.pickup.minecraft.arrow":11,"stat.pickup.projecte.item.pe_rm_shovel":1,"stat.pickup.minecraft.gold_nugget":42,"stat.drop.botania.doubleflower1":1,"stat.pickup.minecraft.carrot":7,"stat.crouchOneCm":35828,"stat.pickup.grimoireofgaia.pickup_heart":1,"stat.craftItem.minecraft.iron_ingot":35,"stat.craftingTableInteraction":62,"stat.pickup.ic2.purified":1,"stat.pickup.minecraft.dye":64,"stat.pickup.minecraft.planks":213,"stat.pickup.chisel.limestone2":3,"stat.useItem.iceandfire.dragonbone_sword_fire":305,"stat.craftItem.minecraft.diamond_shovel":1,"stat.drop.chisel.concrete_black2":1,"stat.pickup.minecraft.wheat_seeds":26,"stat.mineBlock.minecraft.glass":5,"stat.mineBlock.minecraft.dirt":471,"stat.pickup.galacticraftplanets.web_torch":2,"stat.useItem.minecraft.bread":15,"stat.useItem.minecraft.cobblestone":35,"stat.mineBlock.minecraft.double_plant":1,"stat.mineBlock.thaumcraft.crystal_aer":2,"stat.drop.minecraft.chicken":1,"stat.pickup.iceandfire.armor_blue_chestplate":1,"stat.mineBlock.thaumcraft.crystal_terra":7,"stat.pickup.minecraft.chicken":10,"stat.pickup.armorplus.modded_city":1,"stat.pickup.maia_draconic_edition.enderium_core":1,"stat.craftItem.minecraft.bucket":1,"stat.craftItem.minecraft.planks":36,"stat.useItem.minecraft.iron_sword":192,"stat.craftItem.bhc.canister":3,"stat.itemEnchanted":13,"stat.mineBlock.thaumcraft.crystal_ordo":7,"stat.pickup.iceandfire.dragonscales_green":35,"stat.useItem.betteranimalsplus.goose_egg":1,"stat.drop.galacticraftplanets.web_torch":1,"stat.mineBlock.minecraft.log":8,"stat.pickup.armorplus.sheep_trophy":1,"stat.killEntity.BabySkeleton":1,"stat.pickup.chisel.concrete_black2":1,"stat.pickup.minecraft.red_flower":2,"stat.pickup.minecraft.wool":2,"stat.pickup.botania.pavement3slab":2,"stat.useItem.minecraft.wooden_axe":42,"stat.cakeSlicesEaten":2,"stat.pickup.minecraft.bookshelf":98,"stat.useItem.minecraft.iron_axe":38,"stat.mineBlock.minecraft.cobblestone":6,"stat.entityKilledBy.betteranimalsplus.shark":1,"stat.pickup.minecraft.flint":1,"stat.useItem.minecraft.skull":2,"stat.craftItem.bhc.relic_apple":3,"stat.pickup.minecraft.enchanted_book":2,"stat.mineBlock.thaumcraft.ore_amber":28,"stat.useItem.minecraft.stone_slab2":35,"stat.pickup.futureminecraf.cornflower":1,"stat.craftItem.minecraft.furnace":4,"stat.useItem.minecraft.egg":1,"stat.craftItem.minecraft.iron_boots":1,"stat.mineBlock.projecte.transmutation_table":1,"stat.pickup.minecraft.diamond_leggings":3,"stat.flyOneCm":460341,"stat.craftItem.minecraft.stained_glass":8,"stat.timeSinceDeath":0,"stat.pickup.thaumcraft.arcane_workbench":1,"stat.craftItem.minecraft.beacon":1,"stat.craftItem.minecraft.iron_block":3,"stat.killEntity.Bat":1,"stat.mineBlock.projecte.nova_catalyst":1,"stat.pickup.travelersbackpack.travelers_backpack":4,"stat.pickup.minecraft.chainmail_helmet":2,"stat.mineBlock.futureminecraf.cornflower":1,"stat.mineBlock.minecraft.coal_ore":131,"stat.pickup.minecraft.shield":2,"stat.killEntity.Creeper":3,"stat.pickup.minecraft.string":13,"stat.pickup.thaumcraft.shimmerleaf":2,"stat.useItem.minecraft.written_book":3,"stat.sprintOneCm":223007,"stat.useItem.minecraft.diamond_shovel":254,"stat.craftItem.minecraft.wooden_axe":1,"stat.pickup.ic2.resource":41,"stat.mineBlock.minecraft.diamond_ore":2,"stat.pickup.netherex.nether_brick_fence_gate":1,"stat.killEntity.Zombie":15,"stat.pickup.mekanism.tierinstaller":1,"stat.pickup.draconicevolution.debugger":1,"stat.diveOneCm":30531,"stat.mineBlock.minecraft.mossy_cobblestone":2,"stat.craftItem.iceandfire.armor_green_helmet":1,"stat.craftItem.minecraft.cooked_porkchop":18,"stat.useItem.minecraft.chicken":1,"stat.mineBlock.futureminecraf.strippedoaklog":1,"stat.jump":4724,"stat.pickup.minecraft.coal":891,"stat.pickup.minecraft.iron_ingot":24,"stat.craftItem.minecraft.torch":8,"stat.pickup.minecraft.dirt":238,"stat.drop.thaumcraft.candle_lime":1,"stat.useItem.minecraft.glass":3,"stat.damageTaken":20454,"stat.craftItem.iceandfire.armor_green_leggings":1,"stat.mineBlock.minecraft.torch":10,"stat.mineBlock.minecraft.red_flower":2,"stat.pickup.minecraft.written_book":3,"stat.pickup.botania.doubleflower1":1,"stat.drop.atum.porphyry_brick_pillar":1,"stat.pickup.tconstruct.pick_head":2,"stat.pickup.ic2.rubber_wood":22,"stat.pickup.minecraft.bed":3,"stat.pickup.minecraft.potato":2,"stat.pickup.armorplus.obsidian_leggings":1,"stat.pickup.minecraft.diamond_axe":1,"stat.entityKilledBy.Zombie":7,"stat.useItem.extrautils2.sickle_gold":2,"stat.useItem.tconstruct.shovel":1,"stat.useItem.minecraft.chest":2,"stat.pickup.minecraft.diamond_pickaxe":2,"stat.entityKilledBy.grimoireofgaia.banshee":1,"stat.pickup.bhc.blue_heart_canister":2,"stat.pickup.megaloot.weaponbow":3,"stat.craftItem.minecraft.iron_chestplate":3,"stat.useItem.betteranimalsplus.eel_meat_raw":1,"stat.pickup.projecte.transmutation_table":2,"stat.pickup.extrautils2.sickle_gold":1,"stat.pickup.galacticraftcore.fluid_pipe":1,"stat.pickup.thaumcraft.baubles":3,"stat.mineBlock.minecraft.stonebrick":24,"stat.drop.projecte.item.pe_dm_axe":1,"stat.killEntity.grimoireofgaia.harpy":3,"stat.mobKills":95,"stat.pickup.minecraft.diamond_boots":1,"stat.craftItem.minecraft.shears":1,"stat.drop.minecraft.written_book":2,"stat.useItem.minecraft.mossy_cobblestone":1,"stat.pickup.minecraft.diamond":8,"stat.pickup.minecraft.torch":12,"stat.pickup.thaumcraft.brain":1,"stat.drop.minecraft.diamond_shovel":1,"stat.pickup.galacticraftcore.arclamp":1,"stat.pickup.mcjtylib_ng.multipart":2,"stat.pickup.thaumcraft.candle_lime":1,"stat.craftItem.minecraft.iron_axe":1,"stat.useItem.minecraft.soul_sand":3,"stat.mineBlock.ic2.rubber_wood":26,"stat.pickup.iceandfire.dragonegg_silver":1,"stat.pickup.armorplus.ardite_helmet":1,"stat.drop.minecraft.shield":1,"stat.useItem.minecraft.planks":12,"stat.craftItem.iceandfire.armor_green_chestplate":1,"stat.pickup.minecraft.porkchop":23,"stat.pickup.bhc.heart_amulet":2,"stat.pickup.minecraft.glass":2,"stat.drop.travelersbackpack.travelers_backpack":2,"stat.mineBlock.minecraft.stone_brick_stairs":3,"stat.pickup.minecraft.sand":91,"stat.mineBlock.gb.glucky_block":1,"stat.pickup.betteranimalsplus.deerhead_2":1,"stat.pickup.armorplus.ulti_tech_bench":1,"stat.drop.galacticraftcore.arclamp":1,"stat.mineBlock.minecraft.sand":58,"stat.pickup.bigreactors.turbineglass":1,"stat.pickup.betteranimalsplus.eel_meat_raw":1,"stat.useItem.megaloot.weaponbow":54,"stat.pickup.armorplus.material":6,"stat.pickup.thaumcraft.triple_meat_treat":1,"stat.pickup.bhc.red_heart":4,"stat.entityKilledBy.grimoireofgaia.harpy":4,"stat.pickup.minecraft.furnace":1,"stat.craftItem.travelersbackpack.travelers_backpack":1,"stat.pickup.minecraft.iron_chestplate":4,"stat.pickup.minecraft.skull":64,"stat.killEntity.Horse":4,"stat.pickup.projecte.item.pe_soul_stone":2,"stat.pickup.thaumcraft.nugget":1,"stat.drop.connectedglass.clear_glass_purple":1,"stat.pickup.netherex.bone_sliver":3,"stat.mineBlock.minecraft.soul_sand":4,"stat.pickup.thaumcraft.ore_quartz":1,"stat.playOneMinute":356027,"stat.craftItem.minecraft.diamond_block":1,"stat.pickup.minecraft.iron_bars":23,"stat.pickup.aether_legacy.phoenix_boots":2,"stat.pickup.botania.opencrate":2,"stat.pickup.botania.redstringcomparator":1,"stat.pickup.tconstruct.shovel":1,"stat.pickup.gb.globot3_rod":1,"stat.pickup.minecraft.cooked_chicken":2,"stat.fallOneCm":125695,"stat.pickup.atum.thin_crystal_pink_stained_glass":2,"stat.pickup.projecte.item.pe_arcana_ring":1,"stat.craftItem.minecraft.chest":4,"stat.pickup.armorplus.parrot_trophy":1,"stat.drop.iceandfire.frost_lily":1,"stat.mineBlock.ic2.resource":33,"stat.pickup.icbmclassic.sulfurdust":2,"stat.pickup.minecraft.feather":12,"stat.useItem.minecraft.furnace":1,"stat.pickup.minecraft.iron_leggings":5,"stat.killEntity.Llama":4,"stat.pickup.bloodmagic.demon_pylon":1,"stat.mineBlock.minecraft.gravel":2,"stat.craftItem.minecraft.iron_leggings":1,"stat.useItem.minecraft.iron_bars":6,"stat.useItem.minecraft.torch":14,"stat.pickup.minecraft.golden_apple":71,"stat.drop.botania.flower":2,"stat.pickup.minecraft.iron_nugget":14,"stat.pickup.minecraft.crafting_table":1,"stat.craftItem.minecraft.crafting_table":6,"stat.pickup.mahoutsukai.scroll_damage_exchange":1,"stat.mineBlock.minecraft.emerald_ore":1,"stat.pickup.minecraft.log":5,"stat.mineBlock.galacticraftcore.basic_block_core":39,"stat.drop.minecraft.stonebrick":4,"stat.pickup.netherex.quartz_wall":1,"stat.drop.thaumcraft.baubles":2,"stat.mineBlock.iceandfire.goldpile":11,"stat.craftItem.minecraft.cooked_chicken":4,"stat.drop.artifacts.everlasting_cooked_beef":2,"stat.sneakTime":22096,"stat.pickup.thaumcraft.amber":39,"stat.pickup.ic2.sapling":1,"stat.useItem.minecraft.baked_potato":17,"stat.drop.minecraft.yellow_flower":3,"stat.pickup.minecraft.yellow_flower":7,"stat.entityKilledBy.grimoireofgaia.centaur":1,"stat.killEntity.grimoireofgaia.minotaurus":1,"stat.pickup.minecraft.bone":27,"stat.pickup.futureminecraf.strippedoaklog":2,"stat.craftItem.minecraft.diamond_helmet":1,"stat.swimOneCm":56907,"stat.climbOneCm":3257,"stat.pickup.iceandfire.tide_teal_leggings":1,"stat.useItem.minecraft.dirt":12,"stat.pickup.minecraft.cobblestone":135,"stat.mineBlock.chisel.limestone2":4,"stat.pickup.minecraft.glass_bottle":3,"stat.pickup.minecraft.soul_sand":4,"stat.drop.minecraft.wheat_seeds":11,"stat.useItem.artifacts.everlasting_cooked_beef":3,"stat.mineBlock.minecraft.iron_ore":33,"stat.pickup.iceandfire.armor_bronze_boots":1,"stat.pickup.minecraft.mossy_cobblestone":2,"stat.pickup.minecraft.cake":1,"stat.pickup.armorplus.wither_boss_trophy":1,"stat.drop.minecraft.iron_bars":4,"stat.pickup.chisel.chisel_diamond":1,"stat.pickup.minecraft.stonebrick":9,"stat.drop.minecraft.dirt":1,"stat.pickup.galacticraftcore.basic_block_core":39,"stat.useItem.minecraft.cooked_porkchop":18,"stat.craftItem.minecraft.stone_slab2":0,"stat.pickup.minecraft.nether_star":1,"stat.pickup.futureminecraf.ss8":1,"stat.craftItem.minecraft.stick":16,"stat.mineBlock.mekanism.oreblock":34,"stat.drop.tconstruct.pick_head":1,"stat.craftItem.minecraft.stone":1,"stat.mineBlock.minecraft.crafting_table":3,"stat.useItem.minecraft.diamond_pickaxe":568,"stat.pickup.iceandfire.dragonbone_sword_fire":6,"stat.drop.minecraft.golden_apple":1,"stat.pickup.botania.flower":30,"stat.entityKilledBy.Creeper":1,"stat.mineBlock.minecraft.planks":1,"stat.drop":74,"stat.pickup.connectedglass.clear_glass_purple":2,"stat.pickup.bhc.wither_bone":64,"stat.mineBlock.botania.doubleflower1":1,"stat.pickup.ironchest.vanilla_copper_shulker_upgrade":2,"stat.pickup.thaumcraft.curio":6,"stat.useItem.minecraft.diamond_axe":1,"stat.useItem.minecraft.apple":3,"stat.useItem.minecraft.potion":1,"stat.craftItem.travelersbackpack.backpack_tank":2,"stat.pickup.minecraft.iron_helmet":1,"stat.pickup.minecraft.spider_eye":4,"stat.craftItem.minecraft.iron_helmet":2,"stat.useItem.minecraft.cooked_chicken":5,"stat.pickup.minecraft.iron_ore":43,"stat.mineBlock.mca.rose_gold_ore":2,"stat.pickup.extrautils2.bagofholding":1,"stat.mineBlock.minecraft.iron_bars":22,"stat.drop.thaumcraft.triple_meat_treat":1,"stat.drop.netherex.bone_sliver":1,"stat.pickup.iceandfire.frost_lily":1,"stat.pickup.aether_legacy.golden_feather":1,"stat.pickup.minecraft.leather":12,"stat.mineBlock.minecraft.furnace":2,"stat.drop.connectedglass.clear_glass_red_pane":1,"stat.pickup.iceandfire.hydra_arrow":1,"stat.damageDealt":23535,"stat.craftItem.minecraft.glass":22,"stat.sleepInBed":9,"stat.craftItem.minecraft.baked_potato":64,"stat.craftItem.minecraft.anvil":1,"stat.pickup.minecraft.minecart":1,"stat.killEntity.Pig":8,"stat.craftItem.minecraft.iron_sword":1,"stat.drop.draconicevolution.debugger":1,"stat.walkOneCm":746213,"stat.pickup.bloodmagic.blood_shard":1,"stat.playerKills":2,"stat.pickup.minecraft.stick":2,"stat.pickup.mekanism.oreblock":33,"stat.mineBlock.chisel.basalt2":1,"stat.pickup.betteranimalsplus.golden_goose_egg":1,"stat.drop.minecraft.diamond_axe":1,"stat.craftItem.minecraft.diamond_boots":2,"stat.drop.extrautils2.sickle_gold":1,"stat.drop.ic2.ingot":4,"stat.entityKilledBy.grimoireofgaia.minotaurus":11,"stat.pickup.minecraft.stone":14,"stat.killEntity.Skeleton":7,"stat.pickup.armorplus.ender_dragon_helmet":2,"stat.pickup.atum.porphyry_brick_pillar":2,"stat.pickup.armorplus.noon":1,"stat.killEntity.Chicken":8,"stat.killEntity.Spider":8,"stat.craftItem.futureminecraf.bluedye":2,"stat.pickup.minecraft.bread":64,"stat.pickup.projecte.item.pe_dm_axe":1,"stat.useItem.minecraft.golden_apple":18,"stat.mineBlock.minecraft.leaves":3,"stat.pickup.bloodmagic.sentient_shovel":1,"stat.pickup.projecte.nova_catalyst":1,"stat.pickup.artifacts.everlasting_cooked_beef":3,"stat.mineBlock.minecraft.stone":150,"stat.pickup.tconstruct.slime_vine_purple_end":1}