{"stat.useItem.minecraft.bow":4,"stat.useItem.minecraft.quartz_block":215,"stat.craftItem.iceandfire.armor_bronze_chestplate":1,"stat.pickup.iceandfire.fire_dragon_flesh":33,"stat.mineBlock.iceandfire.chared_grass":246,"stat.pickup.extrautils2.redorchid":3,"stat.pickup.mutantbeasts.mutant_skeleton_pelvis":2,"stat.killEntity.grimoireofgaia.centaur":1,"stat.drop.minecraft.enchanted_book":3,"stat.mineBlock.minecraft.web":43,"stat.useItem.extrautils2.goldenlasso":2,"stat.craftItem.extrautils2.endershard":40,"stat.pickup.minecraft.rotten_flesh":152,"stat.drop.minecraft.redstone_torch":1,"stat.useItem.minecraft.diamond_hoe":29,"stat.pickup.thaumcraft.crimson_robe_helm":1,"stat.craftItem.bhc.red_heart_canister":19,"stat.pickup.minecraft.cobblestone_wall":16,"stat.pickup.minecraft.bucket":2,"stat.killEntity.Enderman":1,"stat.pickup.netherex.wither_bone":4,"stat.craftItem.minecraft.iron_shovel":2,"stat.mineBlock.minecraft.emerald_block":9,"stat.killEntity.grimoireofgaia.dwarf":1,"stat.mineBlock.minecraft.end_stone":28,"stat.killEntity.grimoireofgaia.creep":3,"stat.drop.armorplus.sheep_trophy":1,"stat.drop.minecraft.ender_eye":19,"stat.mineBlock.chisel.marble2":13,"stat.mineBlock.minecraft.sticky_piston":8,"stat.furnaceInteraction":30,"stat.useItem.minecraft.nether_wart":362,"stat.mineBlock.minecraft.chorus_plant":358,"stat.drop.extrautils2.chickenring":1,"stat.pickup.extrautils2.enderlilly":4,"stat.pickup.minecraft.nether_brick":5,"stat.pickup.minecraft.sponge":1,"stat.craftItem.projecte.item.pe_rm_pick":2,"stat.useItem.mutantbeasts.endersoul_hand":17,"stat.useItem.minecraft.fence":74,"stat.mineBlock.tconstruct.ore":1,"stat.pickup.mca.rose_gold_ore":1,"stat.mineBlock.minecraft.fence":8,"stat.useItem.minecraft.flint_and_steel":44,"stat.pickup.thaumcraft.crystal_essence":29,"stat.useItem.iceandfire.chared_dirt":60,"stat.killEntity.Husk":3,"stat.craftItem.projecte.item.pe_ring_iron_band":2,"stat.killEntity.betteranimalsplus.zotzpyre":2,"stat.pickup.minecraft.emerald":7,"stat.pickup.minecraft.lever":7,"stat.deaths":20,"stat.pickup.minecraft.egg":5,"stat.drop.iceandfire.dragonbone_sword_fire":2,"stat.craftItem.mahoutsukai.dagger":1,"stat.useItem.chisel.planks-oak":470,"stat.pickup.minecraft.glass_pane":1,"stat.pickup.minecraft.sea_lantern":1,"stat.drop.minecraft.iron_ingot":2,"stat.craftItem.minecraft.repeater":2,"stat.chestOpened":137,"stat.pickup.botania.mushroom":2,"stat.useItem.why.block_waifuium":13,"stat.pickup.minecraft.iron_sword":3,"stat.craftItem.gb.glob3_seed":7,"stat.drop.minecraft.experience_bottle":1,"stat.pickup.minecraft.gold_nugget":476,"stat.useItem.chisel.stonebrick":1153,"stat.pickup.minecraft.chorus_flower":34,"stat.craftItem.minecraft.coal":10,"stat.craftItem.minecraft.ender_chest":1,"stat.pickup.minecraft.carrot":2,"stat.crouchOneCm":50611,"stat.mineBlock.projecte.dm_pedestal":6,"stat.craftItem.extrautils2.decorativesolid":64,"stat.pickup.minecraft.repeater":8,"stat.mineBlock.minecraft.log2":1,"stat.pickup.minecraft.dye":109,"stat.pickup.minecraft.planks":38,"stat.useItem.iceandfire.dragonbone_sword_fire":241,"stat.pickup.chisel.limestone2":15,"stat.craftItem.projecte.item.pe_rm_morning_star":2,"stat.craftItem.tconstruct.slime_congealed":2,"stat.drop.minecraft.soul_sand":2,"stat.craftItem.roost.catcher":1,"stat.mineBlock.minecraft.ender_chest":1,"stat.pickup.tconstruct.seared_stairs_cobble":1,"stat.drop.minecraft.rotten_flesh":13,"stat.pickup.minecraft.magma":8,"stat.mineBlock.draconicevolution.draconium_ore":6,"stat.pickup.iceandfire.weezer_blue_album":1,"stat.pickup.minecraft.bedrock":64,"stat.pickup.minecraft.chicken":1,"stat.pickup.minecraft.tipped_arrow":1,"stat.drop.minecraft.gold_nugget":6,"stat.pickup.mutantbeasts.endersoul_hand":4,"stat.pickup.minecraft.end_stone":428,"stat.pickup.minecraft.coal_block":2,"stat.craftItem.minecraft.planks":256,"stat.mineBlock.minecraft.prismarine":2,"stat.craftItem.iceandfire.goldpile":32,"stat.mineBlock.projecte.alchemical_chest":1,"stat.drop.thaumcraft.crystal_essence":29,"stat.pickup.minecraft.book":68,"stat.pickup.galacticraftcore.tin_stairs_2":1,"stat.useItem.minecraft.stonebrick":514,"stat.pickup.megaloot.tool_axe":1,"stat.pickup.armorplus.sheep_trophy":2,"stat.pickup.minecraft.iron_door":2,"stat.killEntity.BabySkeleton":9,"stat.pickup.chisel.concrete_black2":1,"stat.killEntity.siren":3,"stat.craftItem.iceandfire.armor_bronze_boots":1,"stat.drop.chisel.chisel_diamond":2,"stat.pickup.minecraft.tripwire_hook":3,"stat.drop.galacticraftplanets.creeper_egg":1,"stat.killEntity.grimoireofgaia.banshee":1,"stat.mineBlock.minecraft.cobblestone":63,"stat.mineBlock.minecraft.pumpkin":2,"stat.pickup.minecraft.stone_pickaxe":2,"stat.pickup.minecraft.flint":13,"stat.pickup.gb.globette3":383,"stat.craftItem.iceandfire.dragonbone_sword_fire":2,"stat.pickup.minecraft.leather_chestplate":1,"stat.craftItem.minecraft.clock":2,"stat.pickup.netherex.basalt_pillar":1,"stat.pickup.gb.globette2":443,"stat.drop.minecraft.cobblestone":1,"stat.pickup.minecraft.cooked_porkchop":3,"stat.craftItem.projecte.alchemical_chest":2,"stat.useItem.minecraft.stone_slab2":330,"stat.pickup.minecraft.iron_boots":7,"stat.pickup.futureminecraf.cornflower":13,"stat.pickup.minecraft.stone_hoe":1,"stat.craftItem.minecraft.furnace":64,"stat.pickup.galacticraftplanets.creeper_egg":1,"stat.mineBlock.projecte.transmutation_table":31,"stat.pickup.minecraft.diamond_leggings":2,"stat.useItem.minecraft.brick_block":66,"stat.craftItem.extrautils2.passivegenerator":84,"stat.useItem.iceandfire.chared_stone":385,"stat.drop.projecte.transmutation_table":1,"stat.craftItem.gb.globot_chestplate":4,"stat.mineBlock.netherex.basalt":3,"stat.drop.minecraft.spider_eye":1,"stat.craftItem.minecraft.iron_block":6,"stat.mineBlock.futureminecraf.cornflower":3,"stat.pickup.chisel.carpet_lightgray":1,"stat.killEntity.Creeper":25,"stat.pickup.iceandfire.sea_serpent_fang":15,"stat.pickup.minecraft.birch_stairs":1,"stat.sprintOneCm":3209828,"stat.useItem.minecraft.diamond_block":27,"stat.mineBlock.minecraft.stone_slab":64,"stat.drop.minecraft.leather":5,"stat.pickup.ic2.resource":39,"stat.pickup.netherex.basalt":2,"stat.pickup.extrautils2.passivegenerator":7,"stat.pickup.projecte.condenser_mk1":1,"stat.craftItem.projecte.nova_catalyst":4,"stat.killEntity.CultistKnight":3,"stat.pickup.minecraft.leather_leggings":1,"stat.pickup.minecraft.vine":8,"stat.mineBlock.why.block_waifuium":9,"stat.craftItem.minecraft.emerald":14,"stat.killEntity.Zombie":191,"stat.craftItem.minecraft.dye":413,"stat.craftItem.minecraft.diamond_axe":2,"stat.useItem.projecte.item.pe_rm_morning_star":8652,"stat.drop.minecraft.diamond_pickaxe":1,"stat.useItem.gb.gow3":117,"stat.mineBlock.minecraft.mossy_cobblestone":10,"stat.mineBlock.projecte.relay_mk3":1,"stat.pickup.iceandfire.dragonscales_bronze":62,"stat.craftItem.gb.globot3_rod":6,"stat.craftItem.iceandfire.armor_green_helmet":1,"stat.drop.minecraft.bookshelf":49,"stat.drop.extrautils2.bagofholding":11,"stat.pickup.minecraft.obsidian":92,"stat.pickup.atum.sand_layer":3,"stat.pickup.minecraft.coal":186,"stat.pickup.minecraft.iron_ingot":43,"stat.pickup.minecraft.gunpowder":8,"stat.pickup.iceandfire.chared_stone":637,"stat.pickup.minecraft.dirt":15197,"stat.drop.megaloot.tool_shovel":1,"stat.killEntity.grimoireofgaia.beholder":1,"stat.pickup.iceandfire.fire_dragon_heart":7,"stat.useItem.minecraft.dispenser":4,"stat.pickup.atum.ceramic_stairs_orange":1,"stat.mineBlock.minecraft.lapis_ore":3,"stat.craftItem.extrautils2.goldenlasso":5,"stat.mineBlock.minecraft.torch":37,"stat.mineBlock.minecraft.red_flower":20,"stat.tradedWithVillager":36,"stat.pickup.tconstruct.pick_head":1,"stat.pickup.minecraft.ender_eye":30,"stat.craftItem.minecraft.glowstone":16,"stat.pickup.thaumcraft.crimson_robe_legs":1,"stat.pickup.projecte.item.pe_dm_pick":1,"stat.craftItem.mahoutsukai.guidebook":1,"stat.pickup.minecraft.shulker_shell":2,"stat.killEntity.grimoireofgaia.werecat":1,"stat.drop.projecte.item.pe_transmutation_tablet":1,"stat.pickup.betteranimalsplus.pheasant_egg":1,"stat.mineBlock.netherex.gloomy_netherrack":16,"stat.drop.netherex.basalt":2,"stat.craftItem.projecte.item.pe_swrg":2,"stat.pickup.projecte.transmutation_table":32,"stat.useItem.minecraft.redstone_ore":10,"stat.killEntity.Stray":1,"stat.pickup.mutantbeasts.hulk_hammer":1,"stat.pickup.grimoireofgaia.bag_book":3,"stat.pickup.projecte.collector_mk1":2,"stat.killEntity.grimoireofgaia.harpy":23,"stat.killEntity.betteranimalsplus.lamprey":5,"stat.mobKills":593,"stat.pickup.projecte.collector_mk2":2,"stat.pickup.minecraft.diamond_boots":3,"stat.mineBlock.minecraft.bookshelf":15,"stat.pickup.projecte.collector_mk3":9,"stat.drop.minecraft.written_book":1,"stat.useItem.minecraft.mossy_cobblestone":65,"stat.pickup.minecraft.diamond":2,"stat.pickup.minecraft.beetroot_seeds":5,"stat.pickup.iceandfire.myrmex_jungle_resin":1,"stat.pickup.thaumcraft.brain":16,"stat.drop.iceandfire.chared_cobblestone":1,"stat.pickup.mowziesmobs.naga_fang":2,"stat.drop.minecraft.mutton":7,"stat.mineBlock.futureminecraf.lilyofthevalley":19,"stat.useItem.minecraft.bookshelf":30,"stat.pickup.gci.paint_yellow":1,"stat.useItem.minecraft.soul_sand":21,"stat.killEntity.Blaze":3,"stat.pickup.iceandfire.dragonegg_silver":1,"stat.killEntity.mutantbeasts.mutant_skeleton":4,"stat.drop.minecraft.skull":62,"stat.drop.projecte.item.pe_rm_morning_star":1,"stat.pickup.minecraft.golden_boots":2,"stat.pickup.minecraft.glowstone_dust":119,"stat.mineBlock.minecraft.stone_brick_stairs":25,"stat.pickup.gb.globot":5,"stat.mineBlock.gb.glucky_block":9,"stat.mineBlock.projecte.condenser_mk1":1,"stat.pickup.betteranimalsplus.deerhead_3":1,"stat.craftItem.gb.glob_seed":27,"stat.drop.megaloot.tool_axe":1,"stat.mineBlock.minecraft.snow_layer":1,"stat.pickup.minecraft.chainmail_chestplate":3,"stat.mineBlock.minecraft.sand":1820,"stat.craftItem.iceandfire.dragon_stick":1,"stat.pickup.armorplus.material":19,"stat.craftItem.projecte.item.pe_evertide_amulet":2,"stat.trappedChestTriggered":3,"stat.pickup.bhc.red_heart":31,"stat.craftItem.gb.globot_raw":72,"stat.craftItem.projecte.item.pe_dm_armor_3":2,"stat.craftItem.projecte.item.pe_dm_armor_2":2,"stat.pickup.projecte.item.pe_philosophers_stone":1,"stat.useItem.minecraft.cooked_mutton":45,"stat.craftItem.projecte.item.pe_dm_armor_1":2,"stat.craftItem.projecte.item.pe_dm_armor_0":2,"stat.craftItem.travelersbackpack.travelers_backpack":1,"stat.drop.netherex.gloomy_netherrack":12,"stat.pickup.minecraft.stone_stairs":1,"stat.craftItem.chisel.chisel_diamond":1,"stat.mineBlock.minecraft.soul_sand":10,"stat.craftItem.projecte.item.pe_rm_shovel":2,"stat.pickup.ironchest.iron_chest":1,"stat.pickup.minecraft.blaze_rod":1,"stat.craftItem.minecraft.diamond_block":1,"stat.drop.minecraft.chest":1,"stat.pickup.minecraft.netherrack":29,"stat.pickup.minecraft.pumpkin":2,"stat.craftItem.gb.globot_rod":8,"stat.drop.draconicevolution.draconium_dust":38,"stat.killEntity.betteranimalsplus.shark":2,"stat.pickup.minecraft.brick_stairs":23,"stat.mineBlock.minecraft.gold_block":1,"stat.useItem.minecraft.experience_bottle":63,"stat.craftItem.gb.globot3_chestplate":2,"stat.useItem.iceandfire.chared_gravel":1,"stat.pickup.minecraft.golden_leggings":2,"stat.pickup.minecraft.melon":5,"stat.pickup.armorplus.parrot_trophy":1,"stat.mineBlock.projecte.collector_mk2":2,"stat.mineBlock.ic2.resource":11,"stat.mineBlock.projecte.collector_mk3":9,"stat.mineBlock.projecte.collector_mk1":2,"stat.drop.minecraft.bone":3,"stat.craftItem.extrautils2.ingredients":32,"stat.killEntity.orihime":1,"stat.pickup.minecraft.iron_leggings":10,"stat.craftItem.projecte.matter_block":1,"stat.mineBlock.minecraft.gravel":38,"stat.drop.futureminecraf.lilyofthevalley":10,"stat.pickup.armorplus.elder_guardian_trophy":1,"stat.pickup.minecraft.flint_and_steel":2,"stat.useItem.minecraft.torch":263,"stat.pickup.minecraft.golden_apple":97,"stat.pickup.minecraft.iron_nugget":55,"stat.drop.botania.flower":1,"stat.useItem.minecraft.log":311,"stat.pickup.minecraft.crafting_table":1,"stat.craftItem.minecraft.crafting_table":17,"stat.mineBlock.minecraft.emerald_ore":6,"stat.mineBlock.chisel.stonebrick":151,"stat.pickup.minecraft.redstone_block":5,"stat.drop.minecraft.sign":1,"stat.drop.minecraft.stonebrick":69,"stat.craftItem.minecraft.stone_button":1,"stat.craftItem.projecte.item.pe_fuel":1,"stat.drop.minecraft.planks":57,"stat.pickup.minecraft.web":24,"stat.pickup.chisel.planks-spruce":1,"stat.pickup.minecraft.sapling":3,"stat.pickup.roost.chicken":10,"stat.drop.minecraft.bow":1,"stat.pickup.minecraft.beetroot":3,"stat.mineBlock.iceandfire.goldpile":81,"stat.killEntity.WitherSkeleton":14,"stat.mineBlock.bigreactors.oreyellorite":8,"stat.craftItem.minecraft.sugar":64,"stat.craftItem.gb.globot3_raw":36,"stat.drop.minecraft.bucket":1,"stat.pickup.minecraft.stone_slab":81,"stat.drop.minecraft.yellow_flower":1,"stat.pickup.minecraft.yellow_flower":13,"stat.killEntity.grimoireofgaia.minotaurus":34,"stat.craftItem.minecraft.diamond_chestplate":1,"stat.useItem.minecraft.brick_stairs":58,"stat.craftItem.projecte.dm_pedestal":2,"stat.pickup.minecraft.bone":102,"stat.pickup.minecraft.redstone_torch":19,"stat.horseOneCm":1171,"stat.pickup.chisel.planks-oak":5,"stat.useItem.minecraft.diamond_sword":150,"stat.drop.draconicevolution.draconic_staff_of_power":2,"stat.craftItem.minecraft.diamond_helmet":1,"stat.craftItem.tconstruct.slimesling":2,"stat.craftItem.extrautils2.glasscutter":2,"stat.climbOneCm":7836,"stat.drop.chisel.limestone2":8,"stat.craftItem.naturescompass.naturescompass":2,"stat.enderchestOpened":11,"stat.useItem.minecraft.red_flower":1,"stat.mineBlock.why.ore_overworld":8,"stat.mineBlock.futureminecraf.berrybushspawn":1,"stat.drop.minecraft.web":1,"stat.craftItem.projecte.item.pe_dm_hammer":2,"stat.pickup.minecraft.anvil":1,"stat.killEntity.betteranimalsplus.whale":1,"stat.pickup.minecraft.cobblestone":2074,"stat.pickup.minecraft.soul_sand":6,"stat.pickup.minecraft.dragon_egg":1,"stat.pickup.minecraft.redstone":163,"stat.mineBlock.minecraft.iron_ore":7,"stat.drop.extrautils2.angelring":1,"stat.pickup.minecraft.mossy_cobblestone":11,"stat.useItem.iceandfire.ash":149,"stat.drop.minecraft.coal":64,"stat.pickup.armorplus.dawn":1,"stat.drop.minecraft.dirt":30,"stat.pickup.mekanism.salt":20,"stat.pickup.minecraft.carpet":12,"stat.pickup.minecraft.diamond_shovel":1,"stat.drop.projecte.item.pe_matter":16,"stat.pickup.minecraft.nether_star":1,"stat.pickup.rftools.storage_scanner":1,"stat.useItem.extrautils2.passivegenerator":78,"stat.drop.tconstruct.pick_head":1,"stat.craftItem.minecraft.gold_nugget":45,"stat.pickup.minecraft.grass":1,"stat.pickup.extrautils2.resonator":1,"stat.pickup.iceandfire.dragonbone_sword_fire":2,"stat.pickup.minecraft.golden_horse_armor":2,"stat.pickup.minecraft.diamond_chestplate":1,"stat.pickup.botania.flower":16,"stat.drop.megaloot.weaponsword":1,"stat.mineBlock.minecraft.planks":10,"stat.drop":216,"stat.killEntity.cyclops":1,"stat.pickup.minecraft.jukebox":1,"stat.killEntity.Sheep":1,"stat.craftItem.projecte.item.pe_transmutation_tablet":1,"stat.drop.minecraft.bread":64,"stat.craftItem.projecte.item.pe_volcanite_amulet":2,"stat.craftItem.minecraft.piston":2,"stat.craftItem.projecte.condenser_mk1":2,"stat.mineBlock.minecraft.anvil":1,"stat.useItem.minecraft.potion":1,"stat.pickup.minecraft.fence":8,"stat.craftItem.projecte.item.pe_dm_shovel":2,"stat.drop.armorplus.ender_dragon_helmet":1,"stat.drop.minecraft.piston":6,"stat.drop.minecraft.bed":1,"stat.craftItem.projecte.item.pe_matter":2,"stat.pickup.extrautils2.bagofholding":9,"stat.craftItem.minecraft.flint_and_steel":1,"stat.mineBlock.tconstruct.tooltables":2,"stat.mineBlock.minecraft.stone_stairs":2,"stat.mineBlock.minecraft.furnace":2,"stat.useItem.projecte.item.pe_rm_shears":30,"stat.craftItem.gb.globot_helmet":4,"stat.pickup.minecraft.prismarine_shard":7,"stat.mineBlock.iceandfire.chared_cobblestone":62,"stat.killEntity.CaveSpider":1,"stat.pickup.minecraft.emerald_block":9,"stat.damageDealt":127392,"stat.craftItem.minecraft.anvil":1,"stat.pickup.netherex.gloomy_netherrack":12,"stat.pickup.bountifulbaubles.trinketvitamins":1,"stat.mineBlock.iceandfire.chared_dirt":189,"stat.pickup.grimoireofgaia.food_meat":1,"stat.craftItem.gb.globot_boots":4,"stat.pickup.minecraft.stick":7,"stat.pickup.mekanism.oreblock":27,"stat.pickup.thaumcraft.seal":1,"stat.drop.minecraft.vine":1,"stat.craftItem.minecraft.diamond_boots":1,"stat.craftItem.minecraft.writable_book":1,"stat.useItem.minecraft.spruce_stairs":41,"stat.craftItem.minecraft.redstone":14,"stat.craftItem.projecte.item.pe_time_watch":2,"stat.pickup.minecraft.chorus_fruit":138,"stat.pickup.thaumcraft.ore_cinnabar":1,"stat.pickup.armorplus.noon":1,"stat.craftItem.minecraft.tnt":2,"stat.pickup.gb.globette":632,"stat.useItem.gb.gow":596,"stat.useItem.minecraft.golden_apple":67,"stat.mineBlock.minecraft.leaves":5,"stat.mineBlock.minecraft.piston":1,"stat.mineBlock.minecraft.bone_block":7,"stat.pickup.artifacts.everlasting_cooked_beef":2,"stat.pickup.netherex.red_nether_brick_fence":1,"stat.pickup.icbmclassic.circuit":4,"stat.pickup.draconicevolution.draconium_dust":54,"stat.craftItem.minecraft.diamond_hoe":2,"stat.leaveGame":21,"stat.craftItem.gb.globot":51,"stat.useItem.minecraft.glowstone":342,"stat.mineBlock.minecraft.sandstone":5,"stat.craftItem.minecraft.ender_eye":1,"stat.killEntity.PigZombie":11,"stat.craftItem.minecraft.shield":2,"stat.drop.minecraft.feather":2,"stat.craftItem.projecte.item.pe_body_stone":2,"stat.drop.iceandfire.manuscript":17,"stat.pickup.minecraft.brick_block":42,"stat.pickup.iceandfire.witherbone":8,"stat.pickup.iceandfire.chared_cobblestone":55,"stat.pickup.minecraft.leather_boots":4,"stat.killEntity.Witch":1,"stat.drop.minecraft.sand":3,"stat.drop.armorplus.guardian_trophy":1,"stat.craftItem.gb.glob2_seed":14,"stat.craftItem.projecte.item.pe_covalence_dust":240,"stat.pickup.bhc.yellow_heart":1,"stat.useItem.minecraft.iron_shovel":254,"stat.mineBlock.minecraft.brick_block":45,"stat.drop.extrautils2.itembuilderswand":1,"stat.pickup.extrautils2.chickenring":2,"stat.mineBlock.minecraft.vine":365,"stat.mineBlock.botania.flower":4,"stat.killEntity.ZombieVillager":2,"stat.killEntity.grimoireofgaia.satyress":4,"stat.drop.minecraft.red_flower":1,"stat.pickup.iceandfire.manuscript":33,"stat.craftItem.extrautils2.decorativesolidwood":5,"stat.pickup.minecraft.prismarine":2,"stat.pickup.chisel.stonebrick":170,"stat.mineBlock.futureminecraf.grindstone":1,"stat.craftItem.projecte.item.pe_rm_armor_0":2,"stat.craftItem.projecte.item.pe_rm_armor_1":2,"stat.craftItem.projecte.item.pe_rm_armor_2":2,"stat.pickup.minecraft.potion":1,"stat.craftItem.projecte.item.pe_rm_armor_3":2,"stat.pickup.ic2.misc_resource":10,"stat.pickup.grimoireofgaia.box_gold":3,"stat.useItem.minecraft.dye":670,"stat.mineBlock.minecraft.stone_pressure_plate":2,"stat.useItem.minecraft.nether_brick":1,"stat.drop.minecraft.torch":5,"stat.pickup.chisel.marble2":12,"stat.drop.iceandfire.dragonegg_silver":1,"stat.mineBlock.minecraft.tallgrass":1572,"stat.useItem.minecraft.stone":15,"stat.craftItem.projecte.item.pe_destruction_catalyst":2,"stat.pickup.minecraft.arrow":82,"stat.pickup.iceandfire.blindfold":1,"stat.killEntity.netherex:spinout":1,"stat.pickup.chisel.basalt2":2,"stat.pickup.mutantbeasts.mutant_skeleton_shoulder_pad":5,"stat.pickup.mutantbeasts.mutant_skeleton_skull":4,"stat.mineBlock.minecraft.chest":23,"stat.pickup.projecte.item.pe_rm_morning_star":16,"stat.pickup.minecraft.nether_brick_fence":1,"stat.pickup.atum.limestone_cracked_slab":1,"stat.mineBlock.armorplus.ore_lava_crystal":2,"stat.pickup.bountifulbaubles.flaregun":1,"stat.craftItem.minecraft.diamond_shovel":2,"stat.pickup.minecraft.wheat_seeds":326,"stat.killEntity.grimoireofgaia.flesh_lich":1,"stat.pickup.chisel.cobblestone":15,"stat.mineBlock.minecraft.glass":2,"stat.mineBlock.minecraft.dirt":6543,"stat.mineBlock.mekanism.saltblock":5,"stat.useItem.minecraft.cobblestone":498,"stat.useItem.minecraft.gravel":52,"stat.mineBlock.minecraft.double_plant":59,"stat.useItem.projecte.collector_mk3":11,"stat.pickup.iceandfire.fire_dragon_blood":3,"stat.pickup.minecraft.apple":1,"stat.killEntity.ElderGuardian":1,"stat.craftItem.bhc.canister":2,"stat.pickup.iceandfire.dragonegg_red":1,"stat.itemEnchanted":17,"stat.pickup.iceandfire.dragonscales_green":82,"stat.mineBlock.minecraft.log":58,"stat.pickup.iceandfire.dragonbone":138,"stat.mineBlock.extrautils2.enderlilly":1,"stat.pickup.minecraft.red_flower":34,"stat.pickup.mutantbeasts.mutant_skeleton_limb":28,"stat.pickup.minecraft.wool":6,"stat.drop.minecraft.grass":64,"stat.mineBlock.thaumcraft.ore_cinnabar":1,"stat.pickup.ic2.ingot":13,"stat.craftItem.extrautils2.itembuilderswand":2,"stat.craftItem.minecraft.diamond_leggings":1,"stat.mineBlock.minecraft.yellow_flower":5,"stat.mineBlock.iceandfire.chared_stone":619,"stat.useItem.minecraft.skull":5,"stat.craftItem.projecte.item.pe_black_hole":2,"stat.drop.betteranimalsplus.eel_meat_raw":5,"stat.craftItem.bhc.relic_apple":2,"stat.pickup.minecraft.enchanted_book":2,"stat.mineBlock.thaumcraft.ore_amber":4,"stat.pickup.thaumcraft.turret":1,"stat.useItem.minecraft.obsidian":24,"stat.pickup.minecraft.sticky_piston":8,"stat.mineBlock.ironchest.iron_chest":1,"stat.pickup.minecraft.bow":10,"stat.mineBlock.chisel.cobblestone":16,"stat.useItem.minecraft.egg":2,"stat.pickup.botania.bifrostpermpane":1,"stat.mineBlock.armorplus.sheep_trophy":1,"stat.pickup.iceandfire.chain_link":5,"stat.pickup.minecraft.coal_ore":8,"stat.pickup.gb.gow":1,"stat.pickup.minecraft.shears":1,"stat.pickup.mutantbeasts.mutant_skeleton_rib":23,"stat.pickup.projecte.relay_mk3":1,"stat.craftItem.gb.gobber_staff4":2,"stat.flyOneCm":8424952,"stat.pickup.minecraft.sandstone":6,"stat.pickup.minecraft.fish":2,"stat.timeSinceDeath":935556,"stat.pickup.armorplus.lava_crystal":9,"stat.killEntity.Bat":1,"stat.pickup.travelersbackpack.travelers_backpack":4,"stat.pickup.minecraft.chainmail_helmet":5,"stat.pickup.minecraft.nether_wart":365,"stat.killEntity.seaserpent":4,"stat.mineBlock.minecraft.enchanting_table":3,"stat.mineBlock.minecraft.coal_ore":18,"stat.pickup.minecraft.shield":7,"stat.talkedToVillager":46,"stat.pickup.extrautils2.ingredients":2,"stat.drop.minecraft.spawn_egg":2,"stat.pickup.botania.manaresource":3,"stat.pickup.minecraft.string":56,"stat.useItem.minecraft.written_book":1,"stat.mineBlock.minecraft.chorus_flower":47,"stat.craftItem.tconstruct.tooltables":18,"stat.useItem.minecraft.dragon_egg":3,"stat.useItem.minecraft.diamond_shovel":3997,"stat.craftItem.extrautils2.bagofholding":3,"stat.pickup.minecraft.bone_block":7,"stat.drop.bhc.relic_apple":1,"stat.craftItem.projecte.item.pe_gem_armor_2":2,"stat.craftItem.projecte.item.pe_gem_armor_3":2,"stat.craftItem.projecte.item.pe_gem_armor_0":2,"stat.craftItem.projecte.item.pe_gem_armor_1":2,"stat.pickup.thaumcraft.crimson_robe_chest":1,"stat.mineBlock.thaumcraft.loot_urn_common":1,"stat.pickup.netherex.nether_brick_fence_gate":1,"stat.pickup.tconstruct.ore":1,"stat.pickup.minecraft.snowball":2,"stat.pickup.mekanism.tierinstaller":1,"stat.pickup.iceandfire.chared_dirt":231,"stat.killEntity.Guardian":2,"stat.diveOneCm":4447276,"stat.drop.futureminecraf.grindstone":1,"stat.pickup.tconstruct.tooltables":2,"stat.useItem.iceandfire.goldpile":192,"stat.pickup.minecraft.stone_axe":1,"stat.mineBlock.extrautils2.resonator":1,"stat.killEntity.grimoireofgaia.vase":1,"stat.drop.extrautils2.goldenlasso":1,"stat.pickup.ic2.te":2,"stat.craftItem.iceandfire.blindfold":1,"stat.pickup.extrautils2.itembuilderswand":1,"stat.jump":8801,"stat.useItem.minecraft.sand":4916,"stat.pickup.iceandfire.chared_gravel":6,"stat.craftItem.minecraft.torch":28,"stat.drop.minecraft.glowstone":64,"stat.craftItem.iceandfire.armor_bronze_leggings":1,"stat.pickup.grimoireofgaia.accessory_charm_damage_iron":1,"stat.pickup.futureminecraf.lilyofthevalley":15,"stat.damageTaken":25911,"stat.mineBlock.minecraft.melon_block":1,"stat.pickup.grimoireofgaia.box":1,"stat.useItem.minecraft.gold_block":35,"stat.pickup.minecraft.log2":1,"stat.pickup.minecraft.bed":10,"stat.pickup.artifacts.thorn_pendant":3,"stat.pickup.minecraft.quartz_block":4,"stat.pickup.minecraft.potato":2,"stat.killEntity.Shulker":5,"stat.entityKilledBy.Zombie":1,"stat.drop.thaumcraft.brain":2,"stat.pickup.iceandfire.chared_grass":237,"stat.killEntity.Silverfish":1,"stat.pickup.artifacts.shiny_red_balloon":1,"stat.craftItem.projecte.item.pe_rm_hammer":2,"stat.craftItem.gb.globot3":36,"stat.useItem.megaloot.tool_axe":2,"stat.drop.iceandfire.chared_dirt":1,"stat.pickup.minecraft.ender_pearl":23,"stat.useItem.iceandfire.chared_grass":173,"stat.useItem.projecte.dm_pedestal":6,"stat.craftItem.minecraft.bookshelf":10,"stat.mineBlock.minecraft.stonebrick":254,"stat.craftItem.extrautils2.angelring":2,"stat.craftItem.bhc.yellow_heart_canister":2,"stat.mineBlock.minecraft.glowstone":51,"stat.craftItem.projecte.item.pe_rm_shears":1,"stat.useItem.minecraft.cobblestone_wall":119,"stat.pickup.grimoireofgaia.spawn_holstaurus":1,"stat.pickup.minecraft.torch":53,"stat.killEntity.firedragon":9,"stat.drop.minecraft.arrow":6,"stat.craftItem.minecraft.compass":1,"stat.pickup.futureminecraf.grindstone":2,"stat.useItem.iceandfire.dragon_horn_fire":5,"stat.craftItem.gb.globot2_raw":48,"stat.craftItem.projecte.item.pe_dm_shears":1,"stat.craftItem.iceandfire.dragon_meal":1,"stat.useItem.minecraft.planks":1229,"stat.pickup.minecraft.porkchop":4,"stat.pickup.megaloot.weaponsword":1,"stat.useItem.minecraft.water_bucket":17,"stat.pickup.minecraft.sand":1980,"stat.pickup.iceandfire.sea_serpent_scales_deepblue":6,"stat.pickup.grimoireofgaia.weapon_prop_projectile_web":1,"stat.useItem.minecraft.ender_pearl":3,"stat.entityKilledBy.firedragon":8,"stat.craftItem.extrautils2.resonator":2,"stat.pickup.iceandfire.ash":166,"stat.pickup.betteranimalsplus.eel_meat_raw":5,"stat.pickup.projecte.item.pe_dm_armor_2":1,"stat.craftItem.minecraft.blaze_powder":2,"stat.useItem.minecraft.spawn_egg":5,"stat.pickup.grimoireofgaia.box_iron":1,"stat.craftItem.gb.globot_leggings":4,"stat.pickup.iceandfire.dragon_skull":11,"stat.pickup.iceandfire.rotten_egg":1,"stat.entityKilledBy.grimoireofgaia.harpy":1,"stat.killEntity.CultistCleric":2,"stat.pickup.minecraft.furnace":2,"stat.craftItem.minecraft.ender_pearl":7,"stat.useItem.minecraft.redstone":36,"stat.mineBlock.minecraft.redstone_lamp":1,"stat.pickup.minecraft.iron_chestplate":4,"stat.mineBlock.extrautils2.passivegenerator":6,"stat.mineBlock.iceandfire.ash":191,"stat.pickup.ic2.bronze_helmet":1,"stat.craftItem.projecte.item.pe_soul_stone":2,"stat.craftItem.ironchest.iron_chest":6,"stat.mineBlock.minecraft.brick_stairs":23,"stat.mineBlock.thaumcraft.loot_crate_common":1,"stat.mineBlock.iceandfire.chared_gravel":12,"stat.playOneMinute":1351094,"stat.drop.minecraft.string":1,"stat.craftItem.eplus.advanced_table":2,"stat.pickup.minecraft.diamond_block":6,"stat.pickup.botania.pavement5stairs":1,"stat.pickup.minecraft.iron_bars":20,"stat.pickup.minecraft.dispenser":3,"stat.craftItem.why.block_waifuium":7,"stat.pickup.atum.crystal_light_blue_stained_glass":1,"stat.mineBlock.minecraft.dispenser":3,"stat.craftItem.mca.engagement_ring":1,"stat.mineBlock.minecraft.netherrack":42,"stat.pickup.tconstruct.shovel":4,"stat.craftItem.iceandfire.dragonbone_sword":3,"stat.fallOneCm":86435,"stat.drop.minecraft.dye":64,"stat.craftItem.minecraft.chest":1,"stat.mineBlock.minecraft.lever":6,"stat.pickup.why.ore_overworld":8,"stat.pickup.icbmclassic.sulfurdust":37,"stat.pickup.minecraft.feather":14,"stat.drop.minecraft.iron_leggings":1,"stat.pickup.iceandfire.dragonscales_red":13,"stat.pickup.projecte.item.pe_transmutation_tablet":1,"stat.drop.ironchest.vanilla_copper_shulker_upgrade":1,"stat.pickup.minecraft.chainmail_boots":1,"stat.useItem.minecraft.iron_bars":3,"stat.useItem.minecraft.bone_block":65,"stat.craftItem.bhc.heart_amulet":2,"stat.useItem.ironchest.iron_chest":11,"stat.craftItem.projecte.relay_mk1":2,"stat.killEntity.LavaSlime":15,"stat.pickup.minecraft.log":58,"stat.mineBlock.galacticraftcore.basic_block_core":11,"stat.pickup.netherex.quartz_wall":1,"stat.pickup.botania.biomestonea8stairs":1,"stat.pickup.minecraft.chainmail_leggings":3,"stat.pickup.iceandfire.dragonscales_gray":173,"stat.mineBlock.minecraft.tripwire_hook":2,"stat.pickup.why.block_waifuium":9,"stat.useItem.mutantbeasts.hulk_hammer":1,"stat.craftItem.gb.glob":24,"stat.killEntity.mutantbeasts.mutant_enderman":8,"stat.drop.artifacts.everlasting_cooked_beef":2,"stat.sneakTime":18813,"stat.pickup.thaumcraft.amber":7,"stat.mineBlock.minecraft.cobblestone_wall":31,"stat.entityKilledBy.Blaze":1,"stat.pickup.minecraft.rabbit_stew":2,"stat.useItem.projecte.item.pe_destruction_catalyst":47,"stat.mineBlock.minecraft.jukebox":1,"stat.pickup.minecraft.chest":17,"stat.craftItem.minecraft.enchanting_table":2,"stat.drop.iceandfire.blindfold":3,"stat.pickup.minecraft.stone_pressure_plate":5,"stat.useItem.minecraft.repeater":6,"stat.pickup.megaloot.tool_shovel":1,"stat.mineBlock.armorplus.guardian_trophy":1,"stat.craftItem.gb.gow3":2,"stat.drop.minecraft.iron_nugget":1,"stat.pickup.bigreactors.oreyellorite":8,"stat.swimOneCm":164803,"stat.mineBlock.minecraft.diamond_block":1,"stat.mineBlock.minecraft.spruce_stairs":2,"stat.craftItem.gb.glob2":24,"stat.craftItem.gb.glob3":22,"stat.useItem.minecraft.dirt":2839,"stat.killEntity.betteranimalsplus.boar":2,"stat.craftItem.gb.gow":2,"stat.killEntity.artifacts.mimic":3,"stat.pickup.minecraft.enchanting_table":3,"stat.mineBlock.minecraft.magma":8,"stat.mineBlock.minecraft.carpet":12,"stat.pickup.minecraft.gold_block":1,"stat.mineBlock.minecraft.redstone_block":4,"stat.mineBlock.chisel.limestone2":13,"stat.useItem.chisel.cobblestone":179,"stat.pickup.minecraft.glass_bottle":2,"stat.drop.minecraft.wheat_seeds":15,"stat.pickup.minecraft.golden_pickaxe":1,"stat.craftItem.iceandfire.dragon_horn":2,"stat.drop.minecraft.log":1,"stat.pickup.minecraft.mutton":11,"stat.pickup.armorplus.wither_boss_trophy":1,"stat.mineBlock.minecraft.coal_block":2,"stat.pickup.minecraft.stonebrick":321,"stat.pickup.minecraft.redstone_lamp":1,"stat.pickup.galacticraftcore.basic_block_core":55,"stat.mineBlock.minecraft.nether_brick":6,"stat.craftItem.minecraft.stone_slab2":0,"stat.mineBlock.mekanism.oreblock":1,"stat.useItem.minecraft.stone_slab":217,"stat.useItem.gb.gobber_staff4":8,"stat.craftItem.minecraft.stone":1,"stat.mineBlock.minecraft.crafting_table":2,"stat.useItem.minecraft.diamond_pickaxe":621,"stat.mineBlock.minecraft.quartz_block":5,"stat.pickup.draconicevolution.draconic_staff_of_power":2,"stat.useItem.minecraft.ender_eye":35,"stat.drop.minecraft.golden_apple":133,"stat.useItem.extrautils2.itembuilderswand":1434,"stat.pickup.minecraft.stone_button":1,"stat.useItem.iceandfire.chared_cobblestone":37,"stat.pickup.minecraft.slime_ball":1,"stat.craftItem.minecraft.diamond_pickaxe":1,"stat.useItem.iceandfire.rotten_egg":1,"stat.pickup.projecte.dm_pedestal":7,"stat.killEntity.BrainyZombie":4,"stat.pickup.projecte.alchemical_chest":1,"stat.craftItem.gb.globot3_links":16,"stat.pickup.ironchest.vanilla_copper_shulker_upgrade":1,"stat.pickup.minecraft.gravel":81,"stat.pickup.thaumcraft.curio":2,"stat.useItem.minecraft.glass_bottle":8,"stat.useItem.minecraft.diamond_axe":35,"stat.pickup.extrautils2.goldenlasso":1,"stat.craftItem.gb.end_gring":7,"stat.drop.gb.globette":1,"stat.pickup.minecraft.stone_brick_stairs":24,"stat.pickup.minecraft.diamond_sword":1,"stat.useItem.minecraft.bedrock":20,"stat.pickup.minecraft.iron_helmet":7,"stat.useItem.tconstruct.tooltables":6,"stat.pickup.minecraft.spider_eye":16,"stat.pickup.minecraft.experience_bottle":4,"stat.pickup.minecraft.iron_ore":10,"stat.entityKilledBy.siren":1,"stat.pickup.iceandfire.shiny_scales":7,"stat.mineBlock.mca.rose_gold_ore":1,"stat.craftItem.extrautils2.chickenring":4,"stat.mineBlock.minecraft.iron_bars":17,"stat.pickup.minecraft.leather":37,"stat.dispenserInspected":33,"stat.pickup.minecraft.reeds":6,"stat.pickup.minecraft.prismarine_crystals":5,"stat.craftItem.minecraft.glass":1,"stat.killEntity.zephyr":1,"stat.sleepInBed":40,"stat.pickup.projecte.item.pe_time_watch":6,"stat.killEntity.Pig":1,"stat.pickup.minecraft.piston":2,"stat.walkOneCm":4321528,"stat.playerKills":12,"stat.mineBlock.ic2.te":1,"stat.useItem.minecraft.emerald_block":43,"stat.drop.ic2.te":1,"stat.drop.projecte.item.pe_rm_shovel":2,"stat.mineBlock.chisel.basalt2":4,"stat.useItem.projecte.transmutation_table":1,"stat.pickup.minecraft.stone":314,"stat.killEntity.grimoireofgaia.dullahan":1,"stat.useItem.bhc.relic_apple":14,"stat.pickup.minecraft.gold_ingot":39,"stat.killEntity.Skeleton":90,"stat.pickup.armorplus.ender_dragon_helmet":1,"stat.pickup.iceandfire.sea_serpent_scales_red":2,"stat.mineBlock.minecraft.redstone_torch":19,"stat.killEntity.Spider":61,"stat.pickup.minecraft.bread":2,"stat.pickup.minecraft.quartz":6,"stat.craftItem.why.ingot_waifuium":64,"stat.pickup.minecraft.water_bucket":1,"stat.drop.minecraft.prismarine":2,"stat.pickup.minecraft.spruce_stairs":3,"stat.mineBlock.minecraft.redstone_ore":6,"stat.pickup.armorplus.guardian_trophy":2,"stat.pickup.minecraft.elytra":1,"stat.craftItem.minecraft.coal_block":2,"stat.mineBlock.chisel.planks-oak":5,"stat.mineBlock.minecraft.stone":1257,"stat.useItem.minecraft.sandstone":3,"stat.craftItem.projecte.item.pe_klein_star":9}